schedule_id,schedule_date,shift_number,line_id,machine_id,sku_id,planned_start_time,planned_end_time,planned_qty
SCH-20260701-MCH-COILING-01-S1,2026-07-01,1,LINE-COIL-01,MCH-COILING-01,SKU-CS-HONDA-02,2026-07-01 00:00:00,2026-07-01 08:00:00,900
SCH-20260701-MCH-COILING-01-S2,2026-07-01,2,LINE-COIL-01,MCH-COILING-01,SKU-CS-HONDA-02,2026-07-01 08:00:00,2026-07-01 16:00:00,900
SCH-20260701-MCH-COILING-01-S3,2026-07-01,3,LINE-COIL-01,MCH-COILING-01,SKU-CS-HONDA-02,2026-07-01 16:00:00,2026-07-02 00:00:00,900
SCH-20260701-MCH-COILING-02-S1,2026-07-01,1,LINE-COIL-01,MCH-COILING-02,SKU-CS-TOYOTA-01,2026-07-01 00:00:00,2026-07-01 08:00:00,840
SCH-20260701-MCH-COILING-02-S2,2026-07-01,2,LINE-COIL-01,MCH-COILING-02,SKU-CS-TOYOTA-01,2026-07-01 08:00:00,2026-07-01 16:00:00,840
SCH-20260701-MCH-COILING-02-S3,2026-07-01,3,LINE-COIL-01,MCH-COILING-02,SKU-CS-TOYOTA-01,2026-07-01 16:00:00,2026-07-02 00:00:00,840
SCH-20260701-MCH-HEATTREAT-01-S1,2026-07-01,1,LINE-SPRING-01,MCH-HEATTREAT-01,SKU-LS-HINO-01,2026-07-01 00:00:00,2026-07-01 08:00:00,560
SCH-20260701-MCH-HEATTREAT-01-S2,2026-07-01,2,LINE-SPRING-01,MCH-HEATTREAT-01,SKU-LS-HINO-01,2026-07-01 08:00:00,2026-07-01 16:00:00,560
SCH-20260701-MCH-HEATTREAT-01-S3,2026-07-01,3,LINE-SPRING-01,MCH-HEATTREAT-01,SKU-LS-HINO-01,2026-07-01 16:00:00,2026-07-02 00:00:00,560
SCH-20260701-MCH-TEMPERING-01-S1,2026-07-01,1,LINE-SPRING-01,MCH-TEMPERING-01,SKU-LS-HINO-01,2026-07-01 00:00:00,2026-07-01 08:00:00,560
SCH-20260701-MCH-TEMPERING-01-S2,2026-07-01,2,LINE-SPRING-01,MCH-TEMPERING-01,SKU-LS-HINO-01,2026-07-01 08:00:00,2026-07-01 16:00:00,560
SCH-20260701-MCH-TEMPERING-01-S3,2026-07-01,3,LINE-SPRING-01,MCH-TEMPERING-01,SKU-LS-HINO-01,2026-07-01 16:00:00,2026-07-02 00:00:00,560
SCH-20260701-MCH-SHOTPEEN-01-S1,2026-07-01,1,LINE-SPRING-01,MCH-SHOTPEEN-01,SKU-LS-HINO-01,2026-07-01 00:00:00,2026-07-01 08:00:00,560
SCH-20260701-MCH-SHOTPEEN-01-S2,2026-07-01,2,LINE-SPRING-01,MCH-SHOTPEEN-01,SKU-LS-HINO-01,2026-07-01 08:00:00,2026-07-01 16:00:00,560
SCH-20260701-MCH-SHOTPEEN-01-S3,2026-07-01,3,LINE-SPRING-01,MCH-SHOTPEEN-01,SKU-LS-HINO-01,2026-07-01 16:00:00,2026-07-02 00:00:00,560
SCH-20260701-MCH-PRESS-01-S1,2026-07-01,1,LINE-SPRING-02,MCH-PRESS-01,SKU-LS-HINO-01,2026-07-01 00:00:00,2026-07-01 08:00:00,560
SCH-20260701-MCH-PRESS-01-S2,2026-07-01,2,LINE-SPRING-02,MCH-PRESS-01,SKU-LS-HINO-01,2026-07-01 08:00:00,2026-07-01 16:00:00,560
SCH-20260701-MCH-PRESS-01-S3,2026-07-01,3,LINE-SPRING-02,MCH-PRESS-01,SKU-LS-HINO-01,2026-07-01 16:00:00,2026-07-02 00:00:00,560
SCH-20260701-MCH-STABILIZER-01-S1,2026-07-01,1,LINE-STABILIZER-01,MCH-STABILIZER-01,SKU-SB-CANTER-01,2026-07-01 00:00:00,2026-07-01 08:00:00,420
SCH-20260701-MCH-STABILIZER-01-S2,2026-07-01,2,LINE-STABILIZER-01,MCH-STABILIZER-01,SKU-SB-CANTER-01,2026-07-01 08:00:00,2026-07-01 16:00:00,420
SCH-20260701-MCH-STABILIZER-01-S3,2026-07-01,3,LINE-STABILIZER-01,MCH-STABILIZER-01,SKU-SB-CANTER-01,2026-07-01 16:00:00,2026-07-02 00:00:00,420
SCH-20260701-MCH-TESTING-01-S1,2026-07-01,1,LINE-COIL-01,MCH-TESTING-01,SKU-LS-HINO-01,2026-07-01 00:00:00,2026-07-01 08:00:00,560
SCH-20260701-MCH-TESTING-01-S2,2026-07-01,2,LINE-COIL-01,MCH-TESTING-01,SKU-LS-HINO-01,2026-07-01 08:00:00,2026-07-01 16:00:00,560
SCH-20260701-MCH-TESTING-01-S3,2026-07-01,3,LINE-COIL-01,MCH-TESTING-01,SKU-LS-HINO-01,2026-07-01 16:00:00,2026-07-02 00:00:00,560
SCH-20260702-MCH-COILING-01-S1,2026-07-02,1,LINE-COIL-01,MCH-COILING-01,SKU-CS-HONDA-02,2026-07-02 00:00:00,2026-07-02 08:00:00,900
SCH-20260702-MCH-COILING-01-S2,2026-07-02,2,LINE-COIL-01,MCH-COILING-01,SKU-CS-HONDA-02,2026-07-02 08:00:00,2026-07-02 16:00:00,900
SCH-20260702-MCH-COILING-01-S3,2026-07-02,3,LINE-COIL-01,MCH-COILING-01,SKU-CS-HONDA-02,2026-07-02 16:00:00,2026-07-03 00:00:00,900
SCH-20260702-MCH-COILING-02-S1,2026-07-02,1,LINE-COIL-01,MCH-COILING-02,SKU-CS-HONDA-02,2026-07-02 00:00:00,2026-07-02 08:00:00,900
SCH-20260702-MCH-COILING-02-S2,2026-07-02,2,LINE-COIL-01,MCH-COILING-02,SKU-CS-HONDA-02,2026-07-02 08:00:00,2026-07-02 16:00:00,900
SCH-20260702-MCH-COILING-02-S3,2026-07-02,3,LINE-COIL-01,MCH-COILING-02,SKU-CS-HONDA-02,2026-07-02 16:00:00,2026-07-03 00:00:00,900
SCH-20260702-MCH-HEATTREAT-01-S1,2026-07-02,1,LINE-SPRING-01,MCH-HEATTREAT-01,SKU-LS-HINO-01,2026-07-02 00:00:00,2026-07-02 08:00:00,560
SCH-20260702-MCH-HEATTREAT-01-S2,2026-07-02,2,LINE-SPRING-01,MCH-HEATTREAT-01,SKU-LS-HINO-01,2026-07-02 08:00:00,2026-07-02 16:00:00,560
SCH-20260702-MCH-HEATTREAT-01-S3,2026-07-02,3,LINE-SPRING-01,MCH-HEATTREAT-01,SKU-LS-HINO-01,2026-07-02 16:00:00,2026-07-03 00:00:00,560
SCH-20260702-MCH-TEMPERING-01-S1,2026-07-02,1,LINE-SPRING-01,MCH-TEMPERING-01,SKU-LS-HINO-01,2026-07-02 00:00:00,2026-07-02 08:00:00,560
SCH-20260702-MCH-TEMPERING-01-S2,2026-07-02,2,LINE-SPRING-01,MCH-TEMPERING-01,SKU-LS-HINO-01,2026-07-02 08:00:00,2026-07-02 16:00:00,560
SCH-20260702-MCH-TEMPERING-01-S3,2026-07-02,3,LINE-SPRING-01,MCH-TEMPERING-01,SKU-LS-HINO-01,2026-07-02 16:00:00,2026-07-03 00:00:00,560
SCH-20260702-MCH-SHOTPEEN-01-S1,2026-07-02,1,LINE-SPRING-01,MCH-SHOTPEEN-01,SKU-LS-HINO-01,2026-07-02 00:00:00,2026-07-02 08:00:00,560
SCH-20260702-MCH-SHOTPEEN-01-S2,2026-07-02,2,LINE-SPRING-01,MCH-SHOTPEEN-01,SKU-LS-HINO-01,2026-07-02 08:00:00,2026-07-02 16:00:00,560
SCH-20260702-MCH-SHOTPEEN-01-S3,2026-07-02,3,LINE-SPRING-01,MCH-SHOTPEEN-01,SKU-LS-HINO-01,2026-07-02 16:00:00,2026-07-03 00:00:00,560
SCH-20260702-MCH-PRESS-01-S1,2026-07-02,1,LINE-SPRING-02,MCH-PRESS-01,SKU-LS-HINO-01,2026-07-02 00:00:00,2026-07-02 08:00:00,560
SCH-20260702-MCH-PRESS-01-S2,2026-07-02,2,LINE-SPRING-02,MCH-PRESS-01,SKU-LS-HINO-01,2026-07-02 08:00:00,2026-07-02 16:00:00,560
SCH-20260702-MCH-PRESS-01-S3,2026-07-02,3,LINE-SPRING-02,MCH-PRESS-01,SKU-LS-HINO-01,2026-07-02 16:00:00,2026-07-03 00:00:00,560
SCH-20260702-MCH-STABILIZER-01-S1,2026-07-02,1,LINE-STABILIZER-01,MCH-STABILIZER-01,SKU-SB-CANTER-01,2026-07-02 00:00:00,2026-07-02 08:00:00,420
SCH-20260702-MCH-STABILIZER-01-S2,2026-07-02,2,LINE-STABILIZER-01,MCH-STABILIZER-01,SKU-SB-CANTER-01,2026-07-02 08:00:00,2026-07-02 16:00:00,420
SCH-20260702-MCH-STABILIZER-01-S3,2026-07-02,3,LINE-STABILIZER-01,MCH-STABILIZER-01,SKU-SB-CANTER-01,2026-07-02 16:00:00,2026-07-03 00:00:00,420
SCH-20260702-MCH-TESTING-01-S1,2026-07-02,1,LINE-COIL-01,MCH-TESTING-01,SKU-LS-ISUZU-02,2026-07-02 00:00:00,2026-07-02 08:00:00,458
SCH-20260702-MCH-TESTING-01-S2,2026-07-02,2,LINE-COIL-01,MCH-TESTING-01,SKU-LS-ISUZU-02,2026-07-02 08:00:00,2026-07-02 16:00:00,458
SCH-20260702-MCH-TESTING-01-S3,2026-07-02,3,LINE-COIL-01,MCH-TESTING-01,SKU-LS-ISUZU-02,2026-07-02 16:00:00,2026-07-03 00:00:00,458
SCH-20260703-MCH-COILING-01-S1,2026-07-03,1,LINE-COIL-01,MCH-COILING-01,SKU-CS-TOYOTA-01,2026-07-03 00:00:00,2026-07-03 08:00:00,840
SCH-20260703-MCH-COILING-01-S2,2026-07-03,2,LINE-COIL-01,MCH-COILING-01,SKU-CS-TOYOTA-01,2026-07-03 08:00:00,2026-07-03 16:00:00,840
SCH-20260703-MCH-COILING-01-S3,2026-07-03,3,LINE-COIL-01,MCH-COILING-01,SKU-CS-TOYOTA-01,2026-07-03 16:00:00,2026-07-04 00:00:00,840
SCH-20260703-MCH-COILING-02-S1,2026-07-03,1,LINE-COIL-01,MCH-COILING-02,SKU-CS-HONDA-02,2026-07-03 00:00:00,2026-07-03 08:00:00,900
SCH-20260703-MCH-COILING-02-S2,2026-07-03,2,LINE-COIL-01,MCH-COILING-02,SKU-CS-HONDA-02,2026-07-03 08:00:00,2026-07-03 16:00:00,900
SCH-20260703-MCH-COILING-02-S3,2026-07-03,3,LINE-COIL-01,MCH-COILING-02,SKU-CS-HONDA-02,2026-07-03 16:00:00,2026-07-04 00:00:00,900
SCH-20260703-MCH-HEATTREAT-01-S1,2026-07-03,1,LINE-SPRING-01,MCH-HEATTREAT-01,SKU-LS-HINO-01,2026-07-03 00:00:00,2026-07-03 08:00:00,560
SCH-20260703-MCH-HEATTREAT-01-S2,2026-07-03,2,LINE-SPRING-01,MCH-HEATTREAT-01,SKU-LS-HINO-01,2026-07-03 08:00:00,2026-07-03 16:00:00,560
SCH-20260703-MCH-HEATTREAT-01-S3,2026-07-03,3,LINE-SPRING-01,MCH-HEATTREAT-01,SKU-LS-HINO-01,2026-07-03 16:00:00,2026-07-04 00:00:00,560
SCH-20260703-MCH-TEMPERING-01-S1,2026-07-03,1,LINE-SPRING-01,MCH-TEMPERING-01,SKU-LS-HINO-01,2026-07-03 00:00:00,2026-07-03 08:00:00,560
SCH-20260703-MCH-TEMPERING-01-S2,2026-07-03,2,LINE-SPRING-01,MCH-TEMPERING-01,SKU-LS-HINO-01,2026-07-03 08:00:00,2026-07-03 16:00:00,560
SCH-20260703-MCH-TEMPERING-01-S3,2026-07-03,3,LINE-SPRING-01,MCH-TEMPERING-01,SKU-LS-HINO-01,2026-07-03 16:00:00,2026-07-04 00:00:00,560
SCH-20260703-MCH-SHOTPEEN-01-S1,2026-07-03,1,LINE-SPRING-01,MCH-SHOTPEEN-01,SKU-LS-HINO-01,2026-07-03 00:00:00,2026-07-03 08:00:00,560
SCH-20260703-MCH-SHOTPEEN-01-S2,2026-07-03,2,LINE-SPRING-01,MCH-SHOTPEEN-01,SKU-LS-HINO-01,2026-07-03 08:00:00,2026-07-03 16:00:00,560
SCH-20260703-MCH-SHOTPEEN-01-S3,2026-07-03,3,LINE-SPRING-01,MCH-SHOTPEEN-01,SKU-LS-HINO-01,2026-07-03 16:00:00,2026-07-04 00:00:00,560
SCH-20260703-MCH-PRESS-01-S1,2026-07-03,1,LINE-SPRING-02,MCH-PRESS-01,SKU-LS-HINO-01,2026-07-03 00:00:00,2026-07-03 08:00:00,560
SCH-20260703-MCH-PRESS-01-S2,2026-07-03,2,LINE-SPRING-02,MCH-PRESS-01,SKU-LS-HINO-01,2026-07-03 08:00:00,2026-07-03 16:00:00,560
SCH-20260703-MCH-PRESS-01-S3,2026-07-03,3,LINE-SPRING-02,MCH-PRESS-01,SKU-LS-HINO-01,2026-07-03 16:00:00,2026-07-04 00:00:00,560
SCH-20260703-MCH-STABILIZER-01-S1,2026-07-03,1,LINE-STABILIZER-01,MCH-STABILIZER-01,SKU-SB-CANTER-01,2026-07-03 00:00:00,2026-07-03 08:00:00,420
SCH-20260703-MCH-STABILIZER-01-S2,2026-07-03,2,LINE-STABILIZER-01,MCH-STABILIZER-01,SKU-SB-CANTER-01,2026-07-03 08:00:00,2026-07-03 16:00:00,420
SCH-20260703-MCH-STABILIZER-01-S3,2026-07-03,3,LINE-STABILIZER-01,MCH-STABILIZER-01,SKU-SB-CANTER-01,2026-07-03 16:00:00,2026-07-04 00:00:00,420
SCH-20260703-MCH-TESTING-01-S1,2026-07-03,1,LINE-COIL-01,MCH-TESTING-01,SKU-LS-HINO-01,2026-07-03 00:00:00,2026-07-03 08:00:00,560
SCH-20260703-MCH-TESTING-01-S2,2026-07-03,2,LINE-COIL-01,MCH-TESTING-01,SKU-LS-HINO-01,2026-07-03 08:00:00,2026-07-03 16:00:00,560
SCH-20260703-MCH-TESTING-01-S3,2026-07-03,3,LINE-COIL-01,MCH-TESTING-01,SKU-LS-HINO-01,2026-07-03 16:00:00,2026-07-04 00:00:00,560
SCH-20260704-MCH-COILING-01-S1,2026-07-04,1,LINE-COIL-01,MCH-COILING-01,SKU-CS-HONDA-02,2026-07-04 00:00:00,2026-07-04 08:00:00,900
SCH-20260704-MCH-COILING-01-S2,2026-07-04,2,LINE-COIL-01,MCH-COILING-01,SKU-CS-HONDA-02,2026-07-04 08:00:00,2026-07-04 16:00:00,900
SCH-20260704-MCH-COILING-01-S3,2026-07-04,3,LINE-COIL-01,MCH-COILING-01,SKU-CS-HONDA-02,2026-07-04 16:00:00,2026-07-05 00:00:00,900
SCH-20260704-MCH-COILING-02-S1,2026-07-04,1,LINE-COIL-01,MCH-COILING-02,SKU-CS-HONDA-02,2026-07-04 00:00:00,2026-07-04 08:00:00,900
SCH-20260704-MCH-COILING-02-S2,2026-07-04,2,LINE-COIL-01,MCH-COILING-02,SKU-CS-HONDA-02,2026-07-04 08:00:00,2026-07-04 16:00:00,900
SCH-20260704-MCH-COILING-02-S3,2026-07-04,3,LINE-COIL-01,MCH-COILING-02,SKU-CS-HONDA-02,2026-07-04 16:00:00,2026-07-05 00:00:00,900
SCH-20260704-MCH-HEATTREAT-01-S1,2026-07-04,1,LINE-SPRING-01,MCH-HEATTREAT-01,SKU-LS-HINO-01,2026-07-04 00:00:00,2026-07-04 08:00:00,560
SCH-20260704-MCH-HEATTREAT-01-S2,2026-07-04,2,LINE-SPRING-01,MCH-HEATTREAT-01,SKU-LS-HINO-01,2026-07-04 08:00:00,2026-07-04 16:00:00,560
SCH-20260704-MCH-HEATTREAT-01-S3,2026-07-04,3,LINE-SPRING-01,MCH-HEATTREAT-01,SKU-LS-HINO-01,2026-07-04 16:00:00,2026-07-05 00:00:00,560
SCH-20260704-MCH-TEMPERING-01-S1,2026-07-04,1,LINE-SPRING-01,MCH-TEMPERING-01,SKU-LS-ISUZU-02,2026-07-04 00:00:00,2026-07-04 08:00:00,458
SCH-20260704-MCH-TEMPERING-01-S2,2026-07-04,2,LINE-SPRING-01,MCH-TEMPERING-01,SKU-LS-ISUZU-02,2026-07-04 08:00:00,2026-07-04 16:00:00,458
SCH-20260704-MCH-TEMPERING-01-S3,2026-07-04,3,LINE-SPRING-01,MCH-TEMPERING-01,SKU-LS-ISUZU-02,2026-07-04 16:00:00,2026-07-05 00:00:00,458
SCH-20260704-MCH-SHOTPEEN-01-S1,2026-07-04,1,LINE-SPRING-01,MCH-SHOTPEEN-01,SKU-LS-ISUZU-02,2026-07-04 00:00:00,2026-07-04 08:00:00,458
SCH-20260704-MCH-SHOTPEEN-01-S2,2026-07-04,2,LINE-SPRING-01,MCH-SHOTPEEN-01,SKU-LS-ISUZU-02,2026-07-04 08:00:00,2026-07-04 16:00:00,458
SCH-20260704-MCH-SHOTPEEN-01-S3,2026-07-04,3,LINE-SPRING-01,MCH-SHOTPEEN-01,SKU-LS-ISUZU-02,2026-07-04 16:00:00,2026-07-05 00:00:00,458
SCH-20260704-MCH-PRESS-01-S1,2026-07-04,1,LINE-SPRING-02,MCH-PRESS-01,SKU-LS-HINO-01,2026-07-04 00:00:00,2026-07-04 08:00:00,560
SCH-20260704-MCH-PRESS-01-S2,2026-07-04,2,LINE-SPRING-02,MCH-PRESS-01,SKU-LS-HINO-01,2026-07-04 08:00:00,2026-07-04 16:00:00,560
SCH-20260704-MCH-PRESS-01-S3,2026-07-04,3,LINE-SPRING-02,MCH-PRESS-01,SKU-LS-HINO-01,2026-07-04 16:00:00,2026-07-05 00:00:00,560
SCH-20260704-MCH-STABILIZER-01-S1,2026-07-04,1,LINE-STABILIZER-01,MCH-STABILIZER-01,SKU-SB-CANTER-01,2026-07-04 00:00:00,2026-07-04 08:00:00,420
SCH-20260704-MCH-STABILIZER-01-S2,2026-07-04,2,LINE-STABILIZER-01,MCH-STABILIZER-01,SKU-SB-CANTER-01,2026-07-04 08:00:00,2026-07-04 16:00:00,420
SCH-20260704-MCH-STABILIZER-01-S3,2026-07-04,3,LINE-STABILIZER-01,MCH-STABILIZER-01,SKU-SB-CANTER-01,2026-07-04 16:00:00,2026-07-05 00:00:00,420
SCH-20260704-MCH-TESTING-01-S1,2026-07-04,1,LINE-COIL-01,MCH-TESTING-01,SKU-LS-HINO-01,2026-07-04 00:00:00,2026-07-04 08:00:00,560
SCH-20260704-MCH-TESTING-01-S2,2026-07-04,2,LINE-COIL-01,MCH-TESTING-01,SKU-LS-HINO-01,2026-07-04 08:00:00,2026-07-04 16:00:00,560
SCH-20260704-MCH-TESTING-01-S3,2026-07-04,3,LINE-COIL-01,MCH-TESTING-01,SKU-LS-HINO-01,2026-07-04 16:00:00,2026-07-05 00:00:00,560
SCH-20260705-MCH-COILING-01-S1,2026-07-05,1,LINE-COIL-01,MCH-COILING-01,SKU-CS-TOYOTA-01,2026-07-05 00:00:00,2026-07-05 08:00:00,840
SCH-20260705-MCH-COILING-01-S2,2026-07-05,2,LINE-COIL-01,MCH-COILING-01,SKU-CS-TOYOTA-01,2026-07-05 08:00:00,2026-07-05 16:00:00,840
SCH-20260705-MCH-COILING-01-S3,2026-07-05,3,LINE-COIL-01,MCH-COILING-01,SKU-CS-TOYOTA-01,2026-07-05 16:00:00,2026-07-06 00:00:00,840
SCH-20260705-MCH-COILING-02-S1,2026-07-05,1,LINE-COIL-01,MCH-COILING-02,SKU-CS-TOYOTA-01,2026-07-05 00:00:00,2026-07-05 08:00:00,840
SCH-20260705-MCH-COILING-02-S2,2026-07-05,2,LINE-COIL-01,MCH-COILING-02,SKU-CS-TOYOTA-01,2026-07-05 08:00:00,2026-07-05 16:00:00,840
SCH-20260705-MCH-COILING-02-S3,2026-07-05,3,LINE-COIL-01,MCH-COILING-02,SKU-CS-TOYOTA-01,2026-07-05 16:00:00,2026-07-06 00:00:00,840
SCH-20260705-MCH-HEATTREAT-01-S1,2026-07-05,1,LINE-SPRING-01,MCH-HEATTREAT-01,SKU-LS-ISUZU-02,2026-07-05 00:00:00,2026-07-05 08:00:00,458
SCH-20260705-MCH-HEATTREAT-01-S2,2026-07-05,2,LINE-SPRING-01,MCH-HEATTREAT-01,SKU-LS-ISUZU-02,2026-07-05 08:00:00,2026-07-05 16:00:00,458
SCH-20260705-MCH-HEATTREAT-01-S3,2026-07-05,3,LINE-SPRING-01,MCH-HEATTREAT-01,SKU-LS-ISUZU-02,2026-07-05 16:00:00,2026-07-06 00:00:00,458
SCH-20260705-MCH-TEMPERING-01-S1,2026-07-05,1,LINE-SPRING-01,MCH-TEMPERING-01,SKU-LS-ISUZU-02,2026-07-05 00:00:00,2026-07-05 08:00:00,458
SCH-20260705-MCH-TEMPERING-01-S2,2026-07-05,2,LINE-SPRING-01,MCH-TEMPERING-01,SKU-LS-ISUZU-02,2026-07-05 08:00:00,2026-07-05 16:00:00,458
SCH-20260705-MCH-TEMPERING-01-S3,2026-07-05,3,LINE-SPRING-01,MCH-TEMPERING-01,SKU-LS-ISUZU-02,2026-07-05 16:00:00,2026-07-06 00:00:00,458
SCH-20260705-MCH-SHOTPEEN-01-S1,2026-07-05,1,LINE-SPRING-01,MCH-SHOTPEEN-01,SKU-LS-ISUZU-02,2026-07-05 00:00:00,2026-07-05 08:00:00,458
SCH-20260705-MCH-SHOTPEEN-01-S2,2026-07-05,2,LINE-SPRING-01,MCH-SHOTPEEN-01,SKU-LS-ISUZU-02,2026-07-05 08:00:00,2026-07-05 16:00:00,458
SCH-20260705-MCH-SHOTPEEN-01-S3,2026-07-05,3,LINE-SPRING-01,MCH-SHOTPEEN-01,SKU-LS-ISUZU-02,2026-07-05 16:00:00,2026-07-06 00:00:00,458
SCH-20260705-MCH-PRESS-01-S1,2026-07-05,1,LINE-SPRING-02,MCH-PRESS-01,SKU-LS-HINO-01,2026-07-05 00:00:00,2026-07-05 08:00:00,560
SCH-20260705-MCH-PRESS-01-S2,2026-07-05,2,LINE-SPRING-02,MCH-PRESS-01,SKU-LS-HINO-01,2026-07-05 08:00:00,2026-07-05 16:00:00,560
SCH-20260705-MCH-PRESS-01-S3,2026-07-05,3,LINE-SPRING-02,MCH-PRESS-01,SKU-LS-HINO-01,2026-07-05 16:00:00,2026-07-06 00:00:00,560
SCH-20260705-MCH-STABILIZER-01-S1,2026-07-05,1,LINE-STABILIZER-01,MCH-STABILIZER-01,SKU-SB-AVANZA-02,2026-07-05 00:00:00,2026-07-05 08:00:00,630
SCH-20260705-MCH-STABILIZER-01-S2,2026-07-05,2,LINE-STABILIZER-01,MCH-STABILIZER-01,SKU-SB-AVANZA-02,2026-07-05 08:00:00,2026-07-05 16:00:00,630
SCH-20260705-MCH-STABILIZER-01-S3,2026-07-05,3,LINE-STABILIZER-01,MCH-STABILIZER-01,SKU-SB-AVANZA-02,2026-07-05 16:00:00,2026-07-06 00:00:00,630
SCH-20260705-MCH-TESTING-01-S1,2026-07-05,1,LINE-COIL-01,MCH-TESTING-01,SKU-LS-ISUZU-02,2026-07-05 00:00:00,2026-07-05 08:00:00,458
SCH-20260705-MCH-TESTING-01-S2,2026-07-05,2,LINE-COIL-01,MCH-TESTING-01,SKU-LS-ISUZU-02,2026-07-05 08:00:00,2026-07-05 16:00:00,458
SCH-20260705-MCH-TESTING-01-S3,2026-07-05,3,LINE-COIL-01,MCH-TESTING-01,SKU-LS-ISUZU-02,2026-07-05 16:00:00,2026-07-06 00:00:00,458
SCH-20260706-MCH-COILING-01-S1,2026-07-06,1,LINE-COIL-01,MCH-COILING-01,SKU-CS-TOYOTA-01,2026-07-06 00:00:00,2026-07-06 08:00:00,840
SCH-20260706-MCH-COILING-01-S2,2026-07-06,2,LINE-COIL-01,MCH-COILING-01,SKU-CS-TOYOTA-01,2026-07-06 08:00:00,2026-07-06 16:00:00,840
SCH-20260706-MCH-COILING-01-S3,2026-07-06,3,LINE-COIL-01,MCH-COILING-01,SKU-CS-TOYOTA-01,2026-07-06 16:00:00,2026-07-07 00:00:00,840
SCH-20260706-MCH-COILING-02-S1,2026-07-06,1,LINE-COIL-01,MCH-COILING-02,SKU-CS-TOYOTA-01,2026-07-06 00:00:00,2026-07-06 08:00:00,840
SCH-20260706-MCH-COILING-02-S2,2026-07-06,2,LINE-COIL-01,MCH-COILING-02,SKU-CS-TOYOTA-01,2026-07-06 08:00:00,2026-07-06 16:00:00,840
SCH-20260706-MCH-COILING-02-S3,2026-07-06,3,LINE-COIL-01,MCH-COILING-02,SKU-CS-TOYOTA-01,2026-07-06 16:00:00,2026-07-07 00:00:00,840
SCH-20260706-MCH-HEATTREAT-01-S1,2026-07-06,1,LINE-SPRING-01,MCH-HEATTREAT-01,SKU-LS-HINO-01,2026-07-06 00:00:00,2026-07-06 08:00:00,560
SCH-20260706-MCH-HEATTREAT-01-S2,2026-07-06,2,LINE-SPRING-01,MCH-HEATTREAT-01,SKU-LS-HINO-01,2026-07-06 08:00:00,2026-07-06 16:00:00,560
SCH-20260706-MCH-HEATTREAT-01-S3,2026-07-06,3,LINE-SPRING-01,MCH-HEATTREAT-01,SKU-LS-HINO-01,2026-07-06 16:00:00,2026-07-07 00:00:00,560
SCH-20260706-MCH-TEMPERING-01-S1,2026-07-06,1,LINE-SPRING-01,MCH-TEMPERING-01,SKU-LS-HINO-01,2026-07-06 00:00:00,2026-07-06 08:00:00,560
SCH-20260706-MCH-TEMPERING-01-S2,2026-07-06,2,LINE-SPRING-01,MCH-TEMPERING-01,SKU-LS-HINO-01,2026-07-06 08:00:00,2026-07-06 16:00:00,560
SCH-20260706-MCH-TEMPERING-01-S3,2026-07-06,3,LINE-SPRING-01,MCH-TEMPERING-01,SKU-LS-HINO-01,2026-07-06 16:00:00,2026-07-07 00:00:00,560
SCH-20260706-MCH-SHOTPEEN-01-S1,2026-07-06,1,LINE-SPRING-01,MCH-SHOTPEEN-01,SKU-LS-ISUZU-02,2026-07-06 00:00:00,2026-07-06 08:00:00,458
SCH-20260706-MCH-SHOTPEEN-01-S2,2026-07-06,2,LINE-SPRING-01,MCH-SHOTPEEN-01,SKU-LS-ISUZU-02,2026-07-06 08:00:00,2026-07-06 16:00:00,458
SCH-20260706-MCH-SHOTPEEN-01-S3,2026-07-06,3,LINE-SPRING-01,MCH-SHOTPEEN-01,SKU-LS-ISUZU-02,2026-07-06 16:00:00,2026-07-07 00:00:00,458
SCH-20260706-MCH-PRESS-01-S1,2026-07-06,1,LINE-SPRING-02,MCH-PRESS-01,SKU-LS-HINO-01,2026-07-06 00:00:00,2026-07-06 08:00:00,560
SCH-20260706-MCH-PRESS-01-S2,2026-07-06,2,LINE-SPRING-02,MCH-PRESS-01,SKU-LS-HINO-01,2026-07-06 08:00:00,2026-07-06 16:00:00,560
SCH-20260706-MCH-PRESS-01-S3,2026-07-06,3,LINE-SPRING-02,MCH-PRESS-01,SKU-LS-HINO-01,2026-07-06 16:00:00,2026-07-07 00:00:00,560
SCH-20260706-MCH-STABILIZER-01-S1,2026-07-06,1,LINE-STABILIZER-01,MCH-STABILIZER-01,SKU-SB-AVANZA-02,2026-07-06 00:00:00,2026-07-06 08:00:00,630
SCH-20260706-MCH-STABILIZER-01-S2,2026-07-06,2,LINE-STABILIZER-01,MCH-STABILIZER-01,SKU-SB-AVANZA-02,2026-07-06 08:00:00,2026-07-06 16:00:00,630
SCH-20260706-MCH-STABILIZER-01-S3,2026-07-06,3,LINE-STABILIZER-01,MCH-STABILIZER-01,SKU-SB-AVANZA-02,2026-07-06 16:00:00,2026-07-07 00:00:00,630
SCH-20260706-MCH-TESTING-01-S1,2026-07-06,1,LINE-COIL-01,MCH-TESTING-01,SKU-LS-HINO-01,2026-07-06 00:00:00,2026-07-06 08:00:00,560
SCH-20260706-MCH-TESTING-01-S2,2026-07-06,2,LINE-COIL-01,MCH-TESTING-01,SKU-LS-HINO-01,2026-07-06 08:00:00,2026-07-06 16:00:00,560
SCH-20260706-MCH-TESTING-01-S3,2026-07-06,3,LINE-COIL-01,MCH-TESTING-01,SKU-LS-HINO-01,2026-07-06 16:00:00,2026-07-07 00:00:00,560
SCH-20260707-MCH-COILING-01-S1,2026-07-07,1,LINE-COIL-01,MCH-COILING-01,SKU-CS-TOYOTA-01,2026-07-07 00:00:00,2026-07-07 08:00:00,840
SCH-20260707-MCH-COILING-01-S2,2026-07-07,2,LINE-COIL-01,MCH-COILING-01,SKU-CS-TOYOTA-01,2026-07-07 08:00:00,2026-07-07 16:00:00,840
SCH-20260707-MCH-COILING-01-S3,2026-07-07,3,LINE-COIL-01,MCH-COILING-01,SKU-CS-TOYOTA-01,2026-07-07 16:00:00,2026-07-08 00:00:00,840
SCH-20260707-MCH-COILING-02-S1,2026-07-07,1,LINE-COIL-01,MCH-COILING-02,SKU-CS-TOYOTA-01,2026-07-07 00:00:00,2026-07-07 08:00:00,840
SCH-20260707-MCH-COILING-02-S2,2026-07-07,2,LINE-COIL-01,MCH-COILING-02,SKU-CS-TOYOTA-01,2026-07-07 08:00:00,2026-07-07 16:00:00,840
SCH-20260707-MCH-COILING-02-S3,2026-07-07,3,LINE-COIL-01,MCH-COILING-02,SKU-CS-TOYOTA-01,2026-07-07 16:00:00,2026-07-08 00:00:00,840
SCH-20260707-MCH-HEATTREAT-01-S1,2026-07-07,1,LINE-SPRING-01,MCH-HEATTREAT-01,SKU-LS-HINO-01,2026-07-07 00:00:00,2026-07-07 08:00:00,560
SCH-20260707-MCH-HEATTREAT-01-S2,2026-07-07,2,LINE-SPRING-01,MCH-HEATTREAT-01,SKU-LS-HINO-01,2026-07-07 08:00:00,2026-07-07 16:00:00,560
SCH-20260707-MCH-HEATTREAT-01-S3,2026-07-07,3,LINE-SPRING-01,MCH-HEATTREAT-01,SKU-LS-HINO-01,2026-07-07 16:00:00,2026-07-08 00:00:00,560
SCH-20260707-MCH-TEMPERING-01-S1,2026-07-07,1,LINE-SPRING-01,MCH-TEMPERING-01,SKU-LS-ISUZU-02,2026-07-07 00:00:00,2026-07-07 08:00:00,458
SCH-20260707-MCH-TEMPERING-01-S2,2026-07-07,2,LINE-SPRING-01,MCH-TEMPERING-01,SKU-LS-ISUZU-02,2026-07-07 08:00:00,2026-07-07 16:00:00,458
SCH-20260707-MCH-TEMPERING-01-S3,2026-07-07,3,LINE-SPRING-01,MCH-TEMPERING-01,SKU-LS-ISUZU-02,2026-07-07 16:00:00,2026-07-08 00:00:00,458
SCH-20260707-MCH-SHOTPEEN-01-S1,2026-07-07,1,LINE-SPRING-01,MCH-SHOTPEEN-01,SKU-LS-HINO-01,2026-07-07 00:00:00,2026-07-07 08:00:00,560
SCH-20260707-MCH-SHOTPEEN-01-S2,2026-07-07,2,LINE-SPRING-01,MCH-SHOTPEEN-01,SKU-LS-HINO-01,2026-07-07 08:00:00,2026-07-07 16:00:00,560
SCH-20260707-MCH-SHOTPEEN-01-S3,2026-07-07,3,LINE-SPRING-01,MCH-SHOTPEEN-01,SKU-LS-HINO-01,2026-07-07 16:00:00,2026-07-08 00:00:00,560
SCH-20260707-MCH-PRESS-01-S1,2026-07-07,1,LINE-SPRING-02,MCH-PRESS-01,SKU-LS-HINO-01,2026-07-07 00:00:00,2026-07-07 08:00:00,560
SCH-20260707-MCH-PRESS-01-S2,2026-07-07,2,LINE-SPRING-02,MCH-PRESS-01,SKU-LS-HINO-01,2026-07-07 08:00:00,2026-07-07 16:00:00,560
SCH-20260707-MCH-PRESS-01-S3,2026-07-07,3,LINE-SPRING-02,MCH-PRESS-01,SKU-LS-HINO-01,2026-07-07 16:00:00,2026-07-08 00:00:00,560
SCH-20260707-MCH-STABILIZER-01-S1,2026-07-07,1,LINE-STABILIZER-01,MCH-STABILIZER-01,SKU-SB-AVANZA-02,2026-07-07 00:00:00,2026-07-07 08:00:00,630
SCH-20260707-MCH-STABILIZER-01-S2,2026-07-07,2,LINE-STABILIZER-01,MCH-STABILIZER-01,SKU-SB-AVANZA-02,2026-07-07 08:00:00,2026-07-07 16:00:00,630
SCH-20260707-MCH-STABILIZER-01-S3,2026-07-07,3,LINE-STABILIZER-01,MCH-STABILIZER-01,SKU-SB-AVANZA-02,2026-07-07 16:00:00,2026-07-08 00:00:00,630
SCH-20260707-MCH-TESTING-01-S1,2026-07-07,1,LINE-COIL-01,MCH-TESTING-01,SKU-LS-HINO-01,2026-07-07 00:00:00,2026-07-07 08:00:00,560
SCH-20260707-MCH-TESTING-01-S2,2026-07-07,2,LINE-COIL-01,MCH-TESTING-01,SKU-LS-HINO-01,2026-07-07 08:00:00,2026-07-07 16:00:00,560
SCH-20260707-MCH-TESTING-01-S3,2026-07-07,3,LINE-COIL-01,MCH-TESTING-01,SKU-LS-HINO-01,2026-07-07 16:00:00,2026-07-08 00:00:00,560
SCH-20260708-MCH-COILING-01-S1,2026-07-08,1,LINE-COIL-01,MCH-COILING-01,SKU-CS-HONDA-02,2026-07-08 00:00:00,2026-07-08 08:00:00,900
SCH-20260708-MCH-COILING-01-S2,2026-07-08,2,LINE-COIL-01,MCH-COILING-01,SKU-CS-HONDA-02,2026-07-08 08:00:00,2026-07-08 16:00:00,900
SCH-20260708-MCH-COILING-01-S3,2026-07-08,3,LINE-COIL-01,MCH-COILING-01,SKU-CS-HONDA-02,2026-07-08 16:00:00,2026-07-09 00:00:00,900
SCH-20260708-MCH-COILING-02-S1,2026-07-08,1,LINE-COIL-01,MCH-COILING-02,SKU-CS-TOYOTA-01,2026-07-08 00:00:00,2026-07-08 08:00:00,840
SCH-20260708-MCH-COILING-02-S2,2026-07-08,2,LINE-COIL-01,MCH-COILING-02,SKU-CS-TOYOTA-01,2026-07-08 08:00:00,2026-07-08 16:00:00,840
SCH-20260708-MCH-COILING-02-S3,2026-07-08,3,LINE-COIL-01,MCH-COILING-02,SKU-CS-TOYOTA-01,2026-07-08 16:00:00,2026-07-09 00:00:00,840
SCH-20260708-MCH-HEATTREAT-01-S1,2026-07-08,1,LINE-SPRING-01,MCH-HEATTREAT-01,SKU-LS-HINO-01,2026-07-08 00:00:00,2026-07-08 08:00:00,560
SCH-20260708-MCH-HEATTREAT-01-S2,2026-07-08,2,LINE-SPRING-01,MCH-HEATTREAT-01,SKU-LS-HINO-01,2026-07-08 08:00:00,2026-07-08 16:00:00,560
SCH-20260708-MCH-HEATTREAT-01-S3,2026-07-08,3,LINE-SPRING-01,MCH-HEATTREAT-01,SKU-LS-HINO-01,2026-07-08 16:00:00,2026-07-09 00:00:00,560
SCH-20260708-MCH-TEMPERING-01-S1,2026-07-08,1,LINE-SPRING-01,MCH-TEMPERING-01,SKU-LS-ISUZU-02,2026-07-08 00:00:00,2026-07-08 08:00:00,458
SCH-20260708-MCH-TEMPERING-01-S2,2026-07-08,2,LINE-SPRING-01,MCH-TEMPERING-01,SKU-LS-ISUZU-02,2026-07-08 08:00:00,2026-07-08 16:00:00,458
SCH-20260708-MCH-TEMPERING-01-S3,2026-07-08,3,LINE-SPRING-01,MCH-TEMPERING-01,SKU-LS-ISUZU-02,2026-07-08 16:00:00,2026-07-09 00:00:00,458
SCH-20260708-MCH-SHOTPEEN-01-S1,2026-07-08,1,LINE-SPRING-01,MCH-SHOTPEEN-01,SKU-LS-HINO-01,2026-07-08 00:00:00,2026-07-08 08:00:00,560
SCH-20260708-MCH-SHOTPEEN-01-S2,2026-07-08,2,LINE-SPRING-01,MCH-SHOTPEEN-01,SKU-LS-HINO-01,2026-07-08 08:00:00,2026-07-08 16:00:00,560
SCH-20260708-MCH-SHOTPEEN-01-S3,2026-07-08,3,LINE-SPRING-01,MCH-SHOTPEEN-01,SKU-LS-HINO-01,2026-07-08 16:00:00,2026-07-09 00:00:00,560
SCH-20260708-MCH-PRESS-01-S1,2026-07-08,1,LINE-SPRING-02,MCH-PRESS-01,SKU-LS-HINO-01,2026-07-08 00:00:00,2026-07-08 08:00:00,560
SCH-20260708-MCH-PRESS-01-S2,2026-07-08,2,LINE-SPRING-02,MCH-PRESS-01,SKU-LS-HINO-01,2026-07-08 08:00:00,2026-07-08 16:00:00,560
SCH-20260708-MCH-PRESS-01-S3,2026-07-08,3,LINE-SPRING-02,MCH-PRESS-01,SKU-LS-HINO-01,2026-07-08 16:00:00,2026-07-09 00:00:00,560
SCH-20260708-MCH-STABILIZER-01-S1,2026-07-08,1,LINE-STABILIZER-01,MCH-STABILIZER-01,SKU-SB-AVANZA-02,2026-07-08 00:00:00,2026-07-08 08:00:00,630
SCH-20260708-MCH-STABILIZER-01-S2,2026-07-08,2,LINE-STABILIZER-01,MCH-STABILIZER-01,SKU-SB-AVANZA-02,2026-07-08 08:00:00,2026-07-08 16:00:00,630
SCH-20260708-MCH-STABILIZER-01-S3,2026-07-08,3,LINE-STABILIZER-01,MCH-STABILIZER-01,SKU-SB-AVANZA-02,2026-07-08 16:00:00,2026-07-09 00:00:00,630
SCH-20260708-MCH-TESTING-01-S1,2026-07-08,1,LINE-COIL-01,MCH-TESTING-01,SKU-LS-ISUZU-02,2026-07-08 00:00:00,2026-07-08 08:00:00,458
SCH-20260708-MCH-TESTING-01-S2,2026-07-08,2,LINE-COIL-01,MCH-TESTING-01,SKU-LS-ISUZU-02,2026-07-08 08:00:00,2026-07-08 16:00:00,458
SCH-20260708-MCH-TESTING-01-S3,2026-07-08,3,LINE-COIL-01,MCH-TESTING-01,SKU-LS-ISUZU-02,2026-07-08 16:00:00,2026-07-09 00:00:00,458
SCH-20260709-MCH-COILING-01-S1,2026-07-09,1,LINE-COIL-01,MCH-COILING-01,SKU-CS-HONDA-02,2026-07-09 00:00:00,2026-07-09 08:00:00,900
SCH-20260709-MCH-COILING-01-S2,2026-07-09,2,LINE-COIL-01,MCH-COILING-01,SKU-CS-HONDA-02,2026-07-09 08:00:00,2026-07-09 16:00:00,900
SCH-20260709-MCH-COILING-01-S3,2026-07-09,3,LINE-COIL-01,MCH-COILING-01,SKU-CS-HONDA-02,2026-07-09 16:00:00,2026-07-10 00:00:00,900
SCH-20260709-MCH-COILING-02-S1,2026-07-09,1,LINE-COIL-01,MCH-COILING-02,SKU-CS-TOYOTA-01,2026-07-09 00:00:00,2026-07-09 08:00:00,840
SCH-20260709-MCH-COILING-02-S2,2026-07-09,2,LINE-COIL-01,MCH-COILING-02,SKU-CS-TOYOTA-01,2026-07-09 08:00:00,2026-07-09 16:00:00,840
SCH-20260709-MCH-COILING-02-S3,2026-07-09,3,LINE-COIL-01,MCH-COILING-02,SKU-CS-TOYOTA-01,2026-07-09 16:00:00,2026-07-10 00:00:00,840
SCH-20260709-MCH-HEATTREAT-01-S1,2026-07-09,1,LINE-SPRING-01,MCH-HEATTREAT-01,SKU-LS-HINO-01,2026-07-09 00:00:00,2026-07-09 08:00:00,560
SCH-20260709-MCH-HEATTREAT-01-S2,2026-07-09,2,LINE-SPRING-01,MCH-HEATTREAT-01,SKU-LS-HINO-01,2026-07-09 08:00:00,2026-07-09 16:00:00,560
SCH-20260709-MCH-HEATTREAT-01-S3,2026-07-09,3,LINE-SPRING-01,MCH-HEATTREAT-01,SKU-LS-HINO-01,2026-07-09 16:00:00,2026-07-10 00:00:00,560
SCH-20260709-MCH-TEMPERING-01-S1,2026-07-09,1,LINE-SPRING-01,MCH-TEMPERING-01,SKU-LS-HINO-01,2026-07-09 00:00:00,2026-07-09 08:00:00,560
SCH-20260709-MCH-TEMPERING-01-S2,2026-07-09,2,LINE-SPRING-01,MCH-TEMPERING-01,SKU-LS-HINO-01,2026-07-09 08:00:00,2026-07-09 16:00:00,560
SCH-20260709-MCH-TEMPERING-01-S3,2026-07-09,3,LINE-SPRING-01,MCH-TEMPERING-01,SKU-LS-HINO-01,2026-07-09 16:00:00,2026-07-10 00:00:00,560
SCH-20260709-MCH-SHOTPEEN-01-S1,2026-07-09,1,LINE-SPRING-01,MCH-SHOTPEEN-01,SKU-LS-HINO-01,2026-07-09 00:00:00,2026-07-09 08:00:00,560
SCH-20260709-MCH-SHOTPEEN-01-S2,2026-07-09,2,LINE-SPRING-01,MCH-SHOTPEEN-01,SKU-LS-HINO-01,2026-07-09 08:00:00,2026-07-09 16:00:00,560
SCH-20260709-MCH-SHOTPEEN-01-S3,2026-07-09,3,LINE-SPRING-01,MCH-SHOTPEEN-01,SKU-LS-HINO-01,2026-07-09 16:00:00,2026-07-10 00:00:00,560
SCH-20260709-MCH-PRESS-01-S1,2026-07-09,1,LINE-SPRING-02,MCH-PRESS-01,SKU-LS-HINO-01,2026-07-09 00:00:00,2026-07-09 08:00:00,560
SCH-20260709-MCH-PRESS-01-S2,2026-07-09,2,LINE-SPRING-02,MCH-PRESS-01,SKU-LS-HINO-01,2026-07-09 08:00:00,2026-07-09 16:00:00,560
SCH-20260709-MCH-PRESS-01-S3,2026-07-09,3,LINE-SPRING-02,MCH-PRESS-01,SKU-LS-HINO-01,2026-07-09 16:00:00,2026-07-10 00:00:00,560
SCH-20260709-MCH-STABILIZER-01-S1,2026-07-09,1,LINE-STABILIZER-01,MCH-STABILIZER-01,SKU-SB-CANTER-01,2026-07-09 00:00:00,2026-07-09 08:00:00,420
SCH-20260709-MCH-STABILIZER-01-S2,2026-07-09,2,LINE-STABILIZER-01,MCH-STABILIZER-01,SKU-SB-CANTER-01,2026-07-09 08:00:00,2026-07-09 16:00:00,420
SCH-20260709-MCH-STABILIZER-01-S3,2026-07-09,3,LINE-STABILIZER-01,MCH-STABILIZER-01,SKU-SB-CANTER-01,2026-07-09 16:00:00,2026-07-10 00:00:00,420
SCH-20260709-MCH-TESTING-01-S1,2026-07-09,1,LINE-COIL-01,MCH-TESTING-01,SKU-LS-HINO-01,2026-07-09 00:00:00,2026-07-09 08:00:00,560
SCH-20260709-MCH-TESTING-01-S2,2026-07-09,2,LINE-COIL-01,MCH-TESTING-01,SKU-LS-HINO-01,2026-07-09 08:00:00,2026-07-09 16:00:00,560
SCH-20260709-MCH-TESTING-01-S3,2026-07-09,3,LINE-COIL-01,MCH-TESTING-01,SKU-LS-HINO-01,2026-07-09 16:00:00,2026-07-10 00:00:00,560
SCH-20260710-MCH-COILING-01-S1,2026-07-10,1,LINE-COIL-01,MCH-COILING-01,SKU-CS-TOYOTA-01,2026-07-10 00:00:00,2026-07-10 08:00:00,840
SCH-20260710-MCH-COILING-01-S2,2026-07-10,2,LINE-COIL-01,MCH-COILING-01,SKU-CS-TOYOTA-01,2026-07-10 08:00:00,2026-07-10 16:00:00,840
SCH-20260710-MCH-COILING-01-S3,2026-07-10,3,LINE-COIL-01,MCH-COILING-01,SKU-CS-TOYOTA-01,2026-07-10 16:00:00,2026-07-11 00:00:00,840
SCH-20260710-MCH-COILING-02-S1,2026-07-10,1,LINE-COIL-01,MCH-COILING-02,SKU-CS-TOYOTA-01,2026-07-10 00:00:00,2026-07-10 08:00:00,840
SCH-20260710-MCH-COILING-02-S2,2026-07-10,2,LINE-COIL-01,MCH-COILING-02,SKU-CS-TOYOTA-01,2026-07-10 08:00:00,2026-07-10 16:00:00,840
SCH-20260710-MCH-COILING-02-S3,2026-07-10,3,LINE-COIL-01,MCH-COILING-02,SKU-CS-TOYOTA-01,2026-07-10 16:00:00,2026-07-11 00:00:00,840
SCH-20260710-MCH-HEATTREAT-01-S1,2026-07-10,1,LINE-SPRING-01,MCH-HEATTREAT-01,SKU-LS-HINO-01,2026-07-10 00:00:00,2026-07-10 08:00:00,560
SCH-20260710-MCH-HEATTREAT-01-S2,2026-07-10,2,LINE-SPRING-01,MCH-HEATTREAT-01,SKU-LS-HINO-01,2026-07-10 08:00:00,2026-07-10 16:00:00,560
SCH-20260710-MCH-HEATTREAT-01-S3,2026-07-10,3,LINE-SPRING-01,MCH-HEATTREAT-01,SKU-LS-HINO-01,2026-07-10 16:00:00,2026-07-11 00:00:00,560
SCH-20260710-MCH-TEMPERING-01-S1,2026-07-10,1,LINE-SPRING-01,MCH-TEMPERING-01,SKU-LS-ISUZU-02,2026-07-10 00:00:00,2026-07-10 08:00:00,458
SCH-20260710-MCH-TEMPERING-01-S2,2026-07-10,2,LINE-SPRING-01,MCH-TEMPERING-01,SKU-LS-ISUZU-02,2026-07-10 08:00:00,2026-07-10 16:00:00,458
SCH-20260710-MCH-TEMPERING-01-S3,2026-07-10,3,LINE-SPRING-01,MCH-TEMPERING-01,SKU-LS-ISUZU-02,2026-07-10 16:00:00,2026-07-11 00:00:00,458
SCH-20260710-MCH-SHOTPEEN-01-S1,2026-07-10,1,LINE-SPRING-01,MCH-SHOTPEEN-01,SKU-LS-HINO-01,2026-07-10 00:00:00,2026-07-10 08:00:00,560
SCH-20260710-MCH-SHOTPEEN-01-S2,2026-07-10,2,LINE-SPRING-01,MCH-SHOTPEEN-01,SKU-LS-HINO-01,2026-07-10 08:00:00,2026-07-10 16:00:00,560
SCH-20260710-MCH-SHOTPEEN-01-S3,2026-07-10,3,LINE-SPRING-01,MCH-SHOTPEEN-01,SKU-LS-HINO-01,2026-07-10 16:00:00,2026-07-11 00:00:00,560
SCH-20260710-MCH-PRESS-01-S1,2026-07-10,1,LINE-SPRING-02,MCH-PRESS-01,SKU-LS-HINO-01,2026-07-10 00:00:00,2026-07-10 08:00:00,560
SCH-20260710-MCH-PRESS-01-S2,2026-07-10,2,LINE-SPRING-02,MCH-PRESS-01,SKU-LS-HINO-01,2026-07-10 08:00:00,2026-07-10 16:00:00,560
SCH-20260710-MCH-PRESS-01-S3,2026-07-10,3,LINE-SPRING-02,MCH-PRESS-01,SKU-LS-HINO-01,2026-07-10 16:00:00,2026-07-11 00:00:00,560
SCH-20260710-MCH-STABILIZER-01-S1,2026-07-10,1,LINE-STABILIZER-01,MCH-STABILIZER-01,SKU-SB-AVANZA-02,2026-07-10 00:00:00,2026-07-10 08:00:00,630
SCH-20260710-MCH-STABILIZER-01-S2,2026-07-10,2,LINE-STABILIZER-01,MCH-STABILIZER-01,SKU-SB-AVANZA-02,2026-07-10 08:00:00,2026-07-10 16:00:00,630
SCH-20260710-MCH-STABILIZER-01-S3,2026-07-10,3,LINE-STABILIZER-01,MCH-STABILIZER-01,SKU-SB-AVANZA-02,2026-07-10 16:00:00,2026-07-11 00:00:00,630
SCH-20260710-MCH-TESTING-01-S1,2026-07-10,1,LINE-COIL-01,MCH-TESTING-01,SKU-LS-HINO-01,2026-07-10 00:00:00,2026-07-10 08:00:00,560
SCH-20260710-MCH-TESTING-01-S2,2026-07-10,2,LINE-COIL-01,MCH-TESTING-01,SKU-LS-HINO-01,2026-07-10 08:00:00,2026-07-10 16:00:00,560
SCH-20260710-MCH-TESTING-01-S3,2026-07-10,3,LINE-COIL-01,MCH-TESTING-01,SKU-LS-HINO-01,2026-07-10 16:00:00,2026-07-11 00:00:00,560
SCH-20260711-MCH-COILING-01-S1,2026-07-11,1,LINE-COIL-01,MCH-COILING-01,SKU-CS-HONDA-02,2026-07-11 00:00:00,2026-07-11 08:00:00,900
SCH-20260711-MCH-COILING-01-S2,2026-07-11,2,LINE-COIL-01,MCH-COILING-01,SKU-CS-HONDA-02,2026-07-11 08:00:00,2026-07-11 16:00:00,900
SCH-20260711-MCH-COILING-01-S3,2026-07-11,3,LINE-COIL-01,MCH-COILING-01,SKU-CS-HONDA-02,2026-07-11 16:00:00,2026-07-12 00:00:00,900
SCH-20260711-MCH-COILING-02-S1,2026-07-11,1,LINE-COIL-01,MCH-COILING-02,SKU-CS-TOYOTA-01,2026-07-11 00:00:00,2026-07-11 08:00:00,840
SCH-20260711-MCH-COILING-02-S2,2026-07-11,2,LINE-COIL-01,MCH-COILING-02,SKU-CS-TOYOTA-01,2026-07-11 08:00:00,2026-07-11 16:00:00,840
SCH-20260711-MCH-COILING-02-S3,2026-07-11,3,LINE-COIL-01,MCH-COILING-02,SKU-CS-TOYOTA-01,2026-07-11 16:00:00,2026-07-12 00:00:00,840
SCH-20260711-MCH-HEATTREAT-01-S1,2026-07-11,1,LINE-SPRING-01,MCH-HEATTREAT-01,SKU-LS-HINO-01,2026-07-11 00:00:00,2026-07-11 08:00:00,560
SCH-20260711-MCH-HEATTREAT-01-S2,2026-07-11,2,LINE-SPRING-01,MCH-HEATTREAT-01,SKU-LS-HINO-01,2026-07-11 08:00:00,2026-07-11 16:00:00,560
SCH-20260711-MCH-HEATTREAT-01-S3,2026-07-11,3,LINE-SPRING-01,MCH-HEATTREAT-01,SKU-LS-HINO-01,2026-07-11 16:00:00,2026-07-12 00:00:00,560
SCH-20260711-MCH-TEMPERING-01-S1,2026-07-11,1,LINE-SPRING-01,MCH-TEMPERING-01,SKU-LS-HINO-01,2026-07-11 00:00:00,2026-07-11 08:00:00,560
SCH-20260711-MCH-TEMPERING-01-S2,2026-07-11,2,LINE-SPRING-01,MCH-TEMPERING-01,SKU-LS-HINO-01,2026-07-11 08:00:00,2026-07-11 16:00:00,560
SCH-20260711-MCH-TEMPERING-01-S3,2026-07-11,3,LINE-SPRING-01,MCH-TEMPERING-01,SKU-LS-HINO-01,2026-07-11 16:00:00,2026-07-12 00:00:00,560
SCH-20260711-MCH-SHOTPEEN-01-S1,2026-07-11,1,LINE-SPRING-01,MCH-SHOTPEEN-01,SKU-LS-ISUZU-02,2026-07-11 00:00:00,2026-07-11 08:00:00,458
SCH-20260711-MCH-SHOTPEEN-01-S2,2026-07-11,2,LINE-SPRING-01,MCH-SHOTPEEN-01,SKU-LS-ISUZU-02,2026-07-11 08:00:00,2026-07-11 16:00:00,458
SCH-20260711-MCH-SHOTPEEN-01-S3,2026-07-11,3,LINE-SPRING-01,MCH-SHOTPEEN-01,SKU-LS-ISUZU-02,2026-07-11 16:00:00,2026-07-12 00:00:00,458
SCH-20260711-MCH-PRESS-01-S1,2026-07-11,1,LINE-SPRING-02,MCH-PRESS-01,SKU-LS-HINO-01,2026-07-11 00:00:00,2026-07-11 08:00:00,560
SCH-20260711-MCH-PRESS-01-S2,2026-07-11,2,LINE-SPRING-02,MCH-PRESS-01,SKU-LS-HINO-01,2026-07-11 08:00:00,2026-07-11 16:00:00,560
SCH-20260711-MCH-PRESS-01-S3,2026-07-11,3,LINE-SPRING-02,MCH-PRESS-01,SKU-LS-HINO-01,2026-07-11 16:00:00,2026-07-12 00:00:00,560
SCH-20260711-MCH-STABILIZER-01-S1,2026-07-11,1,LINE-STABILIZER-01,MCH-STABILIZER-01,SKU-SB-CANTER-01,2026-07-11 00:00:00,2026-07-11 08:00:00,420
SCH-20260711-MCH-STABILIZER-01-S2,2026-07-11,2,LINE-STABILIZER-01,MCH-STABILIZER-01,SKU-SB-CANTER-01,2026-07-11 08:00:00,2026-07-11 16:00:00,420
SCH-20260711-MCH-STABILIZER-01-S3,2026-07-11,3,LINE-STABILIZER-01,MCH-STABILIZER-01,SKU-SB-CANTER-01,2026-07-11 16:00:00,2026-07-12 00:00:00,420
SCH-20260711-MCH-TESTING-01-S1,2026-07-11,1,LINE-COIL-01,MCH-TESTING-01,SKU-LS-HINO-01,2026-07-11 00:00:00,2026-07-11 08:00:00,560
SCH-20260711-MCH-TESTING-01-S2,2026-07-11,2,LINE-COIL-01,MCH-TESTING-01,SKU-LS-HINO-01,2026-07-11 08:00:00,2026-07-11 16:00:00,560
SCH-20260711-MCH-TESTING-01-S3,2026-07-11,3,LINE-COIL-01,MCH-TESTING-01,SKU-LS-HINO-01,2026-07-11 16:00:00,2026-07-12 00:00:00,560
SCH-20260712-MCH-COILING-01-S1,2026-07-12,1,LINE-COIL-01,MCH-COILING-01,SKU-CS-TOYOTA-01,2026-07-12 00:00:00,2026-07-12 08:00:00,840
SCH-20260712-MCH-COILING-01-S2,2026-07-12,2,LINE-COIL-01,MCH-COILING-01,SKU-CS-TOYOTA-01,2026-07-12 08:00:00,2026-07-12 16:00:00,840
SCH-20260712-MCH-COILING-01-S3,2026-07-12,3,LINE-COIL-01,MCH-COILING-01,SKU-CS-TOYOTA-01,2026-07-12 16:00:00,2026-07-13 00:00:00,840
SCH-20260712-MCH-COILING-02-S1,2026-07-12,1,LINE-COIL-01,MCH-COILING-02,SKU-CS-TOYOTA-01,2026-07-12 00:00:00,2026-07-12 08:00:00,840
SCH-20260712-MCH-COILING-02-S2,2026-07-12,2,LINE-COIL-01,MCH-COILING-02,SKU-CS-TOYOTA-01,2026-07-12 08:00:00,2026-07-12 16:00:00,840
SCH-20260712-MCH-COILING-02-S3,2026-07-12,3,LINE-COIL-01,MCH-COILING-02,SKU-CS-TOYOTA-01,2026-07-12 16:00:00,2026-07-13 00:00:00,840
SCH-20260712-MCH-HEATTREAT-01-S1,2026-07-12,1,LINE-SPRING-01,MCH-HEATTREAT-01,SKU-LS-ISUZU-02,2026-07-12 00:00:00,2026-07-12 08:00:00,458
SCH-20260712-MCH-HEATTREAT-01-S2,2026-07-12,2,LINE-SPRING-01,MCH-HEATTREAT-01,SKU-LS-ISUZU-02,2026-07-12 08:00:00,2026-07-12 16:00:00,458
SCH-20260712-MCH-HEATTREAT-01-S3,2026-07-12,3,LINE-SPRING-01,MCH-HEATTREAT-01,SKU-LS-ISUZU-02,2026-07-12 16:00:00,2026-07-13 00:00:00,458
SCH-20260712-MCH-TEMPERING-01-S1,2026-07-12,1,LINE-SPRING-01,MCH-TEMPERING-01,SKU-LS-HINO-01,2026-07-12 00:00:00,2026-07-12 08:00:00,560
SCH-20260712-MCH-TEMPERING-01-S2,2026-07-12,2,LINE-SPRING-01,MCH-TEMPERING-01,SKU-LS-HINO-01,2026-07-12 08:00:00,2026-07-12 16:00:00,560
SCH-20260712-MCH-TEMPERING-01-S3,2026-07-12,3,LINE-SPRING-01,MCH-TEMPERING-01,SKU-LS-HINO-01,2026-07-12 16:00:00,2026-07-13 00:00:00,560
SCH-20260712-MCH-SHOTPEEN-01-S1,2026-07-12,1,LINE-SPRING-01,MCH-SHOTPEEN-01,SKU-LS-ISUZU-02,2026-07-12 00:00:00,2026-07-12 08:00:00,458
SCH-20260712-MCH-SHOTPEEN-01-S2,2026-07-12,2,LINE-SPRING-01,MCH-SHOTPEEN-01,SKU-LS-ISUZU-02,2026-07-12 08:00:00,2026-07-12 16:00:00,458
SCH-20260712-MCH-SHOTPEEN-01-S3,2026-07-12,3,LINE-SPRING-01,MCH-SHOTPEEN-01,SKU-LS-ISUZU-02,2026-07-12 16:00:00,2026-07-13 00:00:00,458
SCH-20260712-MCH-PRESS-01-S1,2026-07-12,1,LINE-SPRING-02,MCH-PRESS-01,SKU-LS-HINO-01,2026-07-12 00:00:00,2026-07-12 08:00:00,560
SCH-20260712-MCH-PRESS-01-S2,2026-07-12,2,LINE-SPRING-02,MCH-PRESS-01,SKU-LS-HINO-01,2026-07-12 08:00:00,2026-07-12 16:00:00,560
SCH-20260712-MCH-PRESS-01-S3,2026-07-12,3,LINE-SPRING-02,MCH-PRESS-01,SKU-LS-HINO-01,2026-07-12 16:00:00,2026-07-13 00:00:00,560
SCH-20260712-MCH-STABILIZER-01-S1,2026-07-12,1,LINE-STABILIZER-01,MCH-STABILIZER-01,SKU-SB-CANTER-01,2026-07-12 00:00:00,2026-07-12 08:00:00,420
SCH-20260712-MCH-STABILIZER-01-S2,2026-07-12,2,LINE-STABILIZER-01,MCH-STABILIZER-01,SKU-SB-CANTER-01,2026-07-12 08:00:00,2026-07-12 16:00:00,420
SCH-20260712-MCH-STABILIZER-01-S3,2026-07-12,3,LINE-STABILIZER-01,MCH-STABILIZER-01,SKU-SB-CANTER-01,2026-07-12 16:00:00,2026-07-13 00:00:00,420
SCH-20260712-MCH-TESTING-01-S1,2026-07-12,1,LINE-COIL-01,MCH-TESTING-01,SKU-LS-HINO-01,2026-07-12 00:00:00,2026-07-12 08:00:00,560
SCH-20260712-MCH-TESTING-01-S2,2026-07-12,2,LINE-COIL-01,MCH-TESTING-01,SKU-LS-HINO-01,2026-07-12 08:00:00,2026-07-12 16:00:00,560
SCH-20260712-MCH-TESTING-01-S3,2026-07-12,3,LINE-COIL-01,MCH-TESTING-01,SKU-LS-HINO-01,2026-07-12 16:00:00,2026-07-13 00:00:00,560
SCH-20260713-MCH-COILING-01-S1,2026-07-13,1,LINE-COIL-01,MCH-COILING-01,SKU-CS-TOYOTA-01,2026-07-13 00:00:00,2026-07-13 08:00:00,840
SCH-20260713-MCH-COILING-01-S2,2026-07-13,2,LINE-COIL-01,MCH-COILING-01,SKU-CS-TOYOTA-01,2026-07-13 08:00:00,2026-07-13 16:00:00,840
SCH-20260713-MCH-COILING-01-S3,2026-07-13,3,LINE-COIL-01,MCH-COILING-01,SKU-CS-TOYOTA-01,2026-07-13 16:00:00,2026-07-14 00:00:00,840
SCH-20260713-MCH-COILING-02-S1,2026-07-13,1,LINE-COIL-01,MCH-COILING-02,SKU-CS-TOYOTA-01,2026-07-13 00:00:00,2026-07-13 08:00:00,840
SCH-20260713-MCH-COILING-02-S2,2026-07-13,2,LINE-COIL-01,MCH-COILING-02,SKU-CS-TOYOTA-01,2026-07-13 08:00:00,2026-07-13 16:00:00,840
SCH-20260713-MCH-COILING-02-S3,2026-07-13,3,LINE-COIL-01,MCH-COILING-02,SKU-CS-TOYOTA-01,2026-07-13 16:00:00,2026-07-14 00:00:00,840
SCH-20260713-MCH-HEATTREAT-01-S1,2026-07-13,1,LINE-SPRING-01,MCH-HEATTREAT-01,SKU-LS-HINO-01,2026-07-13 00:00:00,2026-07-13 08:00:00,560
SCH-20260713-MCH-HEATTREAT-01-S2,2026-07-13,2,LINE-SPRING-01,MCH-HEATTREAT-01,SKU-LS-HINO-01,2026-07-13 08:00:00,2026-07-13 16:00:00,560
SCH-20260713-MCH-HEATTREAT-01-S3,2026-07-13,3,LINE-SPRING-01,MCH-HEATTREAT-01,SKU-LS-HINO-01,2026-07-13 16:00:00,2026-07-14 00:00:00,560
SCH-20260713-MCH-TEMPERING-01-S1,2026-07-13,1,LINE-SPRING-01,MCH-TEMPERING-01,SKU-LS-HINO-01,2026-07-13 00:00:00,2026-07-13 08:00:00,560
SCH-20260713-MCH-TEMPERING-01-S2,2026-07-13,2,LINE-SPRING-01,MCH-TEMPERING-01,SKU-LS-HINO-01,2026-07-13 08:00:00,2026-07-13 16:00:00,560
SCH-20260713-MCH-TEMPERING-01-S3,2026-07-13,3,LINE-SPRING-01,MCH-TEMPERING-01,SKU-LS-HINO-01,2026-07-13 16:00:00,2026-07-14 00:00:00,560
SCH-20260713-MCH-SHOTPEEN-01-S1,2026-07-13,1,LINE-SPRING-01,MCH-SHOTPEEN-01,SKU-LS-ISUZU-02,2026-07-13 00:00:00,2026-07-13 08:00:00,458
SCH-20260713-MCH-SHOTPEEN-01-S2,2026-07-13,2,LINE-SPRING-01,MCH-SHOTPEEN-01,SKU-LS-ISUZU-02,2026-07-13 08:00:00,2026-07-13 16:00:00,458
SCH-20260713-MCH-SHOTPEEN-01-S3,2026-07-13,3,LINE-SPRING-01,MCH-SHOTPEEN-01,SKU-LS-ISUZU-02,2026-07-13 16:00:00,2026-07-14 00:00:00,458
SCH-20260713-MCH-PRESS-01-S1,2026-07-13,1,LINE-SPRING-02,MCH-PRESS-01,SKU-LS-HINO-01,2026-07-13 00:00:00,2026-07-13 08:00:00,560
SCH-20260713-MCH-PRESS-01-S2,2026-07-13,2,LINE-SPRING-02,MCH-PRESS-01,SKU-LS-HINO-01,2026-07-13 08:00:00,2026-07-13 16:00:00,560
SCH-20260713-MCH-PRESS-01-S3,2026-07-13,3,LINE-SPRING-02,MCH-PRESS-01,SKU-LS-HINO-01,2026-07-13 16:00:00,2026-07-14 00:00:00,560
SCH-20260713-MCH-STABILIZER-01-S1,2026-07-13,1,LINE-STABILIZER-01,MCH-STABILIZER-01,SKU-SB-AVANZA-02,2026-07-13 00:00:00,2026-07-13 08:00:00,630
SCH-20260713-MCH-STABILIZER-01-S2,2026-07-13,2,LINE-STABILIZER-01,MCH-STABILIZER-01,SKU-SB-AVANZA-02,2026-07-13 08:00:00,2026-07-13 16:00:00,630
SCH-20260713-MCH-STABILIZER-01-S3,2026-07-13,3,LINE-STABILIZER-01,MCH-STABILIZER-01,SKU-SB-AVANZA-02,2026-07-13 16:00:00,2026-07-14 00:00:00,630
SCH-20260713-MCH-TESTING-01-S1,2026-07-13,1,LINE-COIL-01,MCH-TESTING-01,SKU-LS-ISUZU-02,2026-07-13 00:00:00,2026-07-13 08:00:00,458
SCH-20260713-MCH-TESTING-01-S2,2026-07-13,2,LINE-COIL-01,MCH-TESTING-01,SKU-LS-ISUZU-02,2026-07-13 08:00:00,2026-07-13 16:00:00,458
SCH-20260713-MCH-TESTING-01-S3,2026-07-13,3,LINE-COIL-01,MCH-TESTING-01,SKU-LS-ISUZU-02,2026-07-13 16:00:00,2026-07-14 00:00:00,458
SCH-20260714-MCH-COILING-01-S1,2026-07-14,1,LINE-COIL-01,MCH-COILING-01,SKU-CS-TOYOTA-01,2026-07-14 00:00:00,2026-07-14 08:00:00,840
SCH-20260714-MCH-COILING-01-S2,2026-07-14,2,LINE-COIL-01,MCH-COILING-01,SKU-CS-TOYOTA-01,2026-07-14 08:00:00,2026-07-14 16:00:00,840
SCH-20260714-MCH-COILING-01-S3,2026-07-14,3,LINE-COIL-01,MCH-COILING-01,SKU-CS-TOYOTA-01,2026-07-14 16:00:00,2026-07-15 00:00:00,840
SCH-20260714-MCH-COILING-02-S1,2026-07-14,1,LINE-COIL-01,MCH-COILING-02,SKU-CS-HONDA-02,2026-07-14 00:00:00,2026-07-14 08:00:00,900
SCH-20260714-MCH-COILING-02-S2,2026-07-14,2,LINE-COIL-01,MCH-COILING-02,SKU-CS-HONDA-02,2026-07-14 08:00:00,2026-07-14 16:00:00,900
SCH-20260714-MCH-COILING-02-S3,2026-07-14,3,LINE-COIL-01,MCH-COILING-02,SKU-CS-HONDA-02,2026-07-14 16:00:00,2026-07-15 00:00:00,900
SCH-20260714-MCH-HEATTREAT-01-S1,2026-07-14,1,LINE-SPRING-01,MCH-HEATTREAT-01,SKU-LS-HINO-01,2026-07-14 00:00:00,2026-07-14 08:00:00,560
SCH-20260714-MCH-HEATTREAT-01-S2,2026-07-14,2,LINE-SPRING-01,MCH-HEATTREAT-01,SKU-LS-HINO-01,2026-07-14 08:00:00,2026-07-14 16:00:00,560
SCH-20260714-MCH-HEATTREAT-01-S3,2026-07-14,3,LINE-SPRING-01,MCH-HEATTREAT-01,SKU-LS-HINO-01,2026-07-14 16:00:00,2026-07-15 00:00:00,560
SCH-20260714-MCH-TEMPERING-01-S1,2026-07-14,1,LINE-SPRING-01,MCH-TEMPERING-01,SKU-LS-ISUZU-02,2026-07-14 00:00:00,2026-07-14 08:00:00,458
SCH-20260714-MCH-TEMPERING-01-S2,2026-07-14,2,LINE-SPRING-01,MCH-TEMPERING-01,SKU-LS-ISUZU-02,2026-07-14 08:00:00,2026-07-14 16:00:00,458
SCH-20260714-MCH-TEMPERING-01-S3,2026-07-14,3,LINE-SPRING-01,MCH-TEMPERING-01,SKU-LS-ISUZU-02,2026-07-14 16:00:00,2026-07-15 00:00:00,458
SCH-20260714-MCH-SHOTPEEN-01-S1,2026-07-14,1,LINE-SPRING-01,MCH-SHOTPEEN-01,SKU-LS-HINO-01,2026-07-14 00:00:00,2026-07-14 08:00:00,560
SCH-20260714-MCH-SHOTPEEN-01-S2,2026-07-14,2,LINE-SPRING-01,MCH-SHOTPEEN-01,SKU-LS-HINO-01,2026-07-14 08:00:00,2026-07-14 16:00:00,560
SCH-20260714-MCH-SHOTPEEN-01-S3,2026-07-14,3,LINE-SPRING-01,MCH-SHOTPEEN-01,SKU-LS-HINO-01,2026-07-14 16:00:00,2026-07-15 00:00:00,560
SCH-20260714-MCH-PRESS-01-S1,2026-07-14,1,LINE-SPRING-02,MCH-PRESS-01,SKU-LS-HINO-01,2026-07-14 00:00:00,2026-07-14 08:00:00,560
SCH-20260714-MCH-PRESS-01-S2,2026-07-14,2,LINE-SPRING-02,MCH-PRESS-01,SKU-LS-HINO-01,2026-07-14 08:00:00,2026-07-14 16:00:00,560
SCH-20260714-MCH-PRESS-01-S3,2026-07-14,3,LINE-SPRING-02,MCH-PRESS-01,SKU-LS-HINO-01,2026-07-14 16:00:00,2026-07-15 00:00:00,560
SCH-20260714-MCH-STABILIZER-01-S1,2026-07-14,1,LINE-STABILIZER-01,MCH-STABILIZER-01,SKU-SB-CANTER-01,2026-07-14 00:00:00,2026-07-14 08:00:00,420
SCH-20260714-MCH-STABILIZER-01-S2,2026-07-14,2,LINE-STABILIZER-01,MCH-STABILIZER-01,SKU-SB-CANTER-01,2026-07-14 08:00:00,2026-07-14 16:00:00,420
SCH-20260714-MCH-STABILIZER-01-S3,2026-07-14,3,LINE-STABILIZER-01,MCH-STABILIZER-01,SKU-SB-CANTER-01,2026-07-14 16:00:00,2026-07-15 00:00:00,420
SCH-20260714-MCH-TESTING-01-S1,2026-07-14,1,LINE-COIL-01,MCH-TESTING-01,SKU-LS-ISUZU-02,2026-07-14 00:00:00,2026-07-14 08:00:00,458
SCH-20260714-MCH-TESTING-01-S2,2026-07-14,2,LINE-COIL-01,MCH-TESTING-01,SKU-LS-ISUZU-02,2026-07-14 08:00:00,2026-07-14 16:00:00,458
SCH-20260714-MCH-TESTING-01-S3,2026-07-14,3,LINE-COIL-01,MCH-TESTING-01,SKU-LS-ISUZU-02,2026-07-14 16:00:00,2026-07-15 00:00:00,458
SCH-20260715-MCH-COILING-01-S1,2026-07-15,1,LINE-COIL-01,MCH-COILING-01,SKU-CS-TOYOTA-01,2026-07-15 00:00:00,2026-07-15 08:00:00,840
SCH-20260715-MCH-COILING-01-S2,2026-07-15,2,LINE-COIL-01,MCH-COILING-01,SKU-CS-TOYOTA-01,2026-07-15 08:00:00,2026-07-15 16:00:00,840
SCH-20260715-MCH-COILING-01-S3,2026-07-15,3,LINE-COIL-01,MCH-COILING-01,SKU-CS-TOYOTA-01,2026-07-15 16:00:00,2026-07-16 00:00:00,840
SCH-20260715-MCH-COILING-02-S1,2026-07-15,1,LINE-COIL-01,MCH-COILING-02,SKU-CS-HONDA-02,2026-07-15 00:00:00,2026-07-15 08:00:00,900
SCH-20260715-MCH-COILING-02-S2,2026-07-15,2,LINE-COIL-01,MCH-COILING-02,SKU-CS-HONDA-02,2026-07-15 08:00:00,2026-07-15 16:00:00,900
SCH-20260715-MCH-COILING-02-S3,2026-07-15,3,LINE-COIL-01,MCH-COILING-02,SKU-CS-HONDA-02,2026-07-15 16:00:00,2026-07-16 00:00:00,900
SCH-20260715-MCH-HEATTREAT-01-S1,2026-07-15,1,LINE-SPRING-01,MCH-HEATTREAT-01,SKU-LS-ISUZU-02,2026-07-15 00:00:00,2026-07-15 08:00:00,458
SCH-20260715-MCH-HEATTREAT-01-S2,2026-07-15,2,LINE-SPRING-01,MCH-HEATTREAT-01,SKU-LS-ISUZU-02,2026-07-15 08:00:00,2026-07-15 16:00:00,458
SCH-20260715-MCH-HEATTREAT-01-S3,2026-07-15,3,LINE-SPRING-01,MCH-HEATTREAT-01,SKU-LS-ISUZU-02,2026-07-15 16:00:00,2026-07-16 00:00:00,458
SCH-20260715-MCH-TEMPERING-01-S1,2026-07-15,1,LINE-SPRING-01,MCH-TEMPERING-01,SKU-LS-ISUZU-02,2026-07-15 00:00:00,2026-07-15 08:00:00,458
SCH-20260715-MCH-TEMPERING-01-S2,2026-07-15,2,LINE-SPRING-01,MCH-TEMPERING-01,SKU-LS-ISUZU-02,2026-07-15 08:00:00,2026-07-15 16:00:00,458
SCH-20260715-MCH-TEMPERING-01-S3,2026-07-15,3,LINE-SPRING-01,MCH-TEMPERING-01,SKU-LS-ISUZU-02,2026-07-15 16:00:00,2026-07-16 00:00:00,458
SCH-20260715-MCH-SHOTPEEN-01-S1,2026-07-15,1,LINE-SPRING-01,MCH-SHOTPEEN-01,SKU-LS-ISUZU-02,2026-07-15 00:00:00,2026-07-15 08:00:00,458
SCH-20260715-MCH-SHOTPEEN-01-S2,2026-07-15,2,LINE-SPRING-01,MCH-SHOTPEEN-01,SKU-LS-ISUZU-02,2026-07-15 08:00:00,2026-07-15 16:00:00,458
SCH-20260715-MCH-SHOTPEEN-01-S3,2026-07-15,3,LINE-SPRING-01,MCH-SHOTPEEN-01,SKU-LS-ISUZU-02,2026-07-15 16:00:00,2026-07-16 00:00:00,458
SCH-20260715-MCH-PRESS-01-S1,2026-07-15,1,LINE-SPRING-02,MCH-PRESS-01,SKU-LS-ISUZU-02,2026-07-15 00:00:00,2026-07-15 08:00:00,458
SCH-20260715-MCH-PRESS-01-S2,2026-07-15,2,LINE-SPRING-02,MCH-PRESS-01,SKU-LS-ISUZU-02,2026-07-15 08:00:00,2026-07-15 16:00:00,458
SCH-20260715-MCH-PRESS-01-S3,2026-07-15,3,LINE-SPRING-02,MCH-PRESS-01,SKU-LS-ISUZU-02,2026-07-15 16:00:00,2026-07-16 00:00:00,458
SCH-20260715-MCH-STABILIZER-01-S1,2026-07-15,1,LINE-STABILIZER-01,MCH-STABILIZER-01,SKU-SB-AVANZA-02,2026-07-15 00:00:00,2026-07-15 08:00:00,630
SCH-20260715-MCH-STABILIZER-01-S2,2026-07-15,2,LINE-STABILIZER-01,MCH-STABILIZER-01,SKU-SB-AVANZA-02,2026-07-15 08:00:00,2026-07-15 16:00:00,630
SCH-20260715-MCH-STABILIZER-01-S3,2026-07-15,3,LINE-STABILIZER-01,MCH-STABILIZER-01,SKU-SB-AVANZA-02,2026-07-15 16:00:00,2026-07-16 00:00:00,630
SCH-20260715-MCH-TESTING-01-S1,2026-07-15,1,LINE-COIL-01,MCH-TESTING-01,SKU-LS-HINO-01,2026-07-15 00:00:00,2026-07-15 08:00:00,560
SCH-20260715-MCH-TESTING-01-S2,2026-07-15,2,LINE-COIL-01,MCH-TESTING-01,SKU-LS-HINO-01,2026-07-15 08:00:00,2026-07-15 16:00:00,560
SCH-20260715-MCH-TESTING-01-S3,2026-07-15,3,LINE-COIL-01,MCH-TESTING-01,SKU-LS-HINO-01,2026-07-15 16:00:00,2026-07-16 00:00:00,560
SCH-20260716-MCH-COILING-01-S1,2026-07-16,1,LINE-COIL-01,MCH-COILING-01,SKU-CS-TOYOTA-01,2026-07-16 00:00:00,2026-07-16 08:00:00,840
SCH-20260716-MCH-COILING-01-S2,2026-07-16,2,LINE-COIL-01,MCH-COILING-01,SKU-CS-TOYOTA-01,2026-07-16 08:00:00,2026-07-16 16:00:00,840
SCH-20260716-MCH-COILING-01-S3,2026-07-16,3,LINE-COIL-01,MCH-COILING-01,SKU-CS-TOYOTA-01,2026-07-16 16:00:00,2026-07-17 00:00:00,840
SCH-20260716-MCH-COILING-02-S1,2026-07-16,1,LINE-COIL-01,MCH-COILING-02,SKU-CS-HONDA-02,2026-07-16 00:00:00,2026-07-16 08:00:00,900
SCH-20260716-MCH-COILING-02-S2,2026-07-16,2,LINE-COIL-01,MCH-COILING-02,SKU-CS-HONDA-02,2026-07-16 08:00:00,2026-07-16 16:00:00,900
SCH-20260716-MCH-COILING-02-S3,2026-07-16,3,LINE-COIL-01,MCH-COILING-02,SKU-CS-HONDA-02,2026-07-16 16:00:00,2026-07-17 00:00:00,900
SCH-20260716-MCH-HEATTREAT-01-S1,2026-07-16,1,LINE-SPRING-01,MCH-HEATTREAT-01,SKU-LS-ISUZU-02,2026-07-16 00:00:00,2026-07-16 08:00:00,458
SCH-20260716-MCH-HEATTREAT-01-S2,2026-07-16,2,LINE-SPRING-01,MCH-HEATTREAT-01,SKU-LS-ISUZU-02,2026-07-16 08:00:00,2026-07-16 16:00:00,458
SCH-20260716-MCH-HEATTREAT-01-S3,2026-07-16,3,LINE-SPRING-01,MCH-HEATTREAT-01,SKU-LS-ISUZU-02,2026-07-16 16:00:00,2026-07-17 00:00:00,458
SCH-20260716-MCH-TEMPERING-01-S1,2026-07-16,1,LINE-SPRING-01,MCH-TEMPERING-01,SKU-LS-ISUZU-02,2026-07-16 00:00:00,2026-07-16 08:00:00,458
SCH-20260716-MCH-TEMPERING-01-S2,2026-07-16,2,LINE-SPRING-01,MCH-TEMPERING-01,SKU-LS-ISUZU-02,2026-07-16 08:00:00,2026-07-16 16:00:00,458
SCH-20260716-MCH-TEMPERING-01-S3,2026-07-16,3,LINE-SPRING-01,MCH-TEMPERING-01,SKU-LS-ISUZU-02,2026-07-16 16:00:00,2026-07-17 00:00:00,458
SCH-20260716-MCH-SHOTPEEN-01-S1,2026-07-16,1,LINE-SPRING-01,MCH-SHOTPEEN-01,SKU-LS-HINO-01,2026-07-16 00:00:00,2026-07-16 08:00:00,560
SCH-20260716-MCH-SHOTPEEN-01-S2,2026-07-16,2,LINE-SPRING-01,MCH-SHOTPEEN-01,SKU-LS-HINO-01,2026-07-16 08:00:00,2026-07-16 16:00:00,560
SCH-20260716-MCH-SHOTPEEN-01-S3,2026-07-16,3,LINE-SPRING-01,MCH-SHOTPEEN-01,SKU-LS-HINO-01,2026-07-16 16:00:00,2026-07-17 00:00:00,560
SCH-20260716-MCH-PRESS-01-S1,2026-07-16,1,LINE-SPRING-02,MCH-PRESS-01,SKU-LS-ISUZU-02,2026-07-16 00:00:00,2026-07-16 08:00:00,458
SCH-20260716-MCH-PRESS-01-S2,2026-07-16,2,LINE-SPRING-02,MCH-PRESS-01,SKU-LS-ISUZU-02,2026-07-16 08:00:00,2026-07-16 16:00:00,458
SCH-20260716-MCH-PRESS-01-S3,2026-07-16,3,LINE-SPRING-02,MCH-PRESS-01,SKU-LS-ISUZU-02,2026-07-16 16:00:00,2026-07-17 00:00:00,458
SCH-20260716-MCH-STABILIZER-01-S1,2026-07-16,1,LINE-STABILIZER-01,MCH-STABILIZER-01,SKU-SB-CANTER-01,2026-07-16 00:00:00,2026-07-16 08:00:00,420
SCH-20260716-MCH-STABILIZER-01-S2,2026-07-16,2,LINE-STABILIZER-01,MCH-STABILIZER-01,SKU-SB-CANTER-01,2026-07-16 08:00:00,2026-07-16 16:00:00,420
SCH-20260716-MCH-STABILIZER-01-S3,2026-07-16,3,LINE-STABILIZER-01,MCH-STABILIZER-01,SKU-SB-CANTER-01,2026-07-16 16:00:00,2026-07-17 00:00:00,420
SCH-20260716-MCH-TESTING-01-S1,2026-07-16,1,LINE-COIL-01,MCH-TESTING-01,SKU-LS-HINO-01,2026-07-16 00:00:00,2026-07-16 08:00:00,560
SCH-20260716-MCH-TESTING-01-S2,2026-07-16,2,LINE-COIL-01,MCH-TESTING-01,SKU-LS-HINO-01,2026-07-16 08:00:00,2026-07-16 16:00:00,560
SCH-20260716-MCH-TESTING-01-S3,2026-07-16,3,LINE-COIL-01,MCH-TESTING-01,SKU-LS-HINO-01,2026-07-16 16:00:00,2026-07-17 00:00:00,560
SCH-20260717-MCH-COILING-01-S1,2026-07-17,1,LINE-COIL-01,MCH-COILING-01,SKU-CS-TOYOTA-01,2026-07-17 00:00:00,2026-07-17 08:00:00,840
SCH-20260717-MCH-COILING-01-S2,2026-07-17,2,LINE-COIL-01,MCH-COILING-01,SKU-CS-TOYOTA-01,2026-07-17 08:00:00,2026-07-17 16:00:00,840
SCH-20260717-MCH-COILING-01-S3,2026-07-17,3,LINE-COIL-01,MCH-COILING-01,SKU-CS-TOYOTA-01,2026-07-17 16:00:00,2026-07-18 00:00:00,840
SCH-20260717-MCH-COILING-02-S1,2026-07-17,1,LINE-COIL-01,MCH-COILING-02,SKU-CS-HONDA-02,2026-07-17 00:00:00,2026-07-17 08:00:00,900
SCH-20260717-MCH-COILING-02-S2,2026-07-17,2,LINE-COIL-01,MCH-COILING-02,SKU-CS-HONDA-02,2026-07-17 08:00:00,2026-07-17 16:00:00,900
SCH-20260717-MCH-COILING-02-S3,2026-07-17,3,LINE-COIL-01,MCH-COILING-02,SKU-CS-HONDA-02,2026-07-17 16:00:00,2026-07-18 00:00:00,900
SCH-20260717-MCH-HEATTREAT-01-S1,2026-07-17,1,LINE-SPRING-01,MCH-HEATTREAT-01,SKU-LS-ISUZU-02,2026-07-17 00:00:00,2026-07-17 08:00:00,458
SCH-20260717-MCH-HEATTREAT-01-S2,2026-07-17,2,LINE-SPRING-01,MCH-HEATTREAT-01,SKU-LS-ISUZU-02,2026-07-17 08:00:00,2026-07-17 16:00:00,458
SCH-20260717-MCH-HEATTREAT-01-S3,2026-07-17,3,LINE-SPRING-01,MCH-HEATTREAT-01,SKU-LS-ISUZU-02,2026-07-17 16:00:00,2026-07-18 00:00:00,458
SCH-20260717-MCH-TEMPERING-01-S1,2026-07-17,1,LINE-SPRING-01,MCH-TEMPERING-01,SKU-LS-ISUZU-02,2026-07-17 00:00:00,2026-07-17 08:00:00,458
SCH-20260717-MCH-TEMPERING-01-S2,2026-07-17,2,LINE-SPRING-01,MCH-TEMPERING-01,SKU-LS-ISUZU-02,2026-07-17 08:00:00,2026-07-17 16:00:00,458
SCH-20260717-MCH-TEMPERING-01-S3,2026-07-17,3,LINE-SPRING-01,MCH-TEMPERING-01,SKU-LS-ISUZU-02,2026-07-17 16:00:00,2026-07-18 00:00:00,458
SCH-20260717-MCH-SHOTPEEN-01-S1,2026-07-17,1,LINE-SPRING-01,MCH-SHOTPEEN-01,SKU-LS-HINO-01,2026-07-17 00:00:00,2026-07-17 08:00:00,560
SCH-20260717-MCH-SHOTPEEN-01-S2,2026-07-17,2,LINE-SPRING-01,MCH-SHOTPEEN-01,SKU-LS-HINO-01,2026-07-17 08:00:00,2026-07-17 16:00:00,560
SCH-20260717-MCH-SHOTPEEN-01-S3,2026-07-17,3,LINE-SPRING-01,MCH-SHOTPEEN-01,SKU-LS-HINO-01,2026-07-17 16:00:00,2026-07-18 00:00:00,560
SCH-20260717-MCH-PRESS-01-S1,2026-07-17,1,LINE-SPRING-02,MCH-PRESS-01,SKU-LS-HINO-01,2026-07-17 00:00:00,2026-07-17 08:00:00,560
SCH-20260717-MCH-PRESS-01-S2,2026-07-17,2,LINE-SPRING-02,MCH-PRESS-01,SKU-LS-HINO-01,2026-07-17 08:00:00,2026-07-17 16:00:00,560
SCH-20260717-MCH-PRESS-01-S3,2026-07-17,3,LINE-SPRING-02,MCH-PRESS-01,SKU-LS-HINO-01,2026-07-17 16:00:00,2026-07-18 00:00:00,560
SCH-20260717-MCH-STABILIZER-01-S1,2026-07-17,1,LINE-STABILIZER-01,MCH-STABILIZER-01,SKU-SB-CANTER-01,2026-07-17 00:00:00,2026-07-17 08:00:00,420
SCH-20260717-MCH-STABILIZER-01-S2,2026-07-17,2,LINE-STABILIZER-01,MCH-STABILIZER-01,SKU-SB-CANTER-01,2026-07-17 08:00:00,2026-07-17 16:00:00,420
SCH-20260717-MCH-STABILIZER-01-S3,2026-07-17,3,LINE-STABILIZER-01,MCH-STABILIZER-01,SKU-SB-CANTER-01,2026-07-17 16:00:00,2026-07-18 00:00:00,420
SCH-20260717-MCH-TESTING-01-S1,2026-07-17,1,LINE-COIL-01,MCH-TESTING-01,SKU-LS-ISUZU-02,2026-07-17 00:00:00,2026-07-17 08:00:00,458
SCH-20260717-MCH-TESTING-01-S2,2026-07-17,2,LINE-COIL-01,MCH-TESTING-01,SKU-LS-ISUZU-02,2026-07-17 08:00:00,2026-07-17 16:00:00,458
SCH-20260717-MCH-TESTING-01-S3,2026-07-17,3,LINE-COIL-01,MCH-TESTING-01,SKU-LS-ISUZU-02,2026-07-17 16:00:00,2026-07-18 00:00:00,458
SCH-20260718-MCH-COILING-01-S1,2026-07-18,1,LINE-COIL-01,MCH-COILING-01,SKU-CS-TOYOTA-01,2026-07-18 00:00:00,2026-07-18 08:00:00,840
SCH-20260718-MCH-COILING-01-S2,2026-07-18,2,LINE-COIL-01,MCH-COILING-01,SKU-CS-TOYOTA-01,2026-07-18 08:00:00,2026-07-18 16:00:00,840
SCH-20260718-MCH-COILING-01-S3,2026-07-18,3,LINE-COIL-01,MCH-COILING-01,SKU-CS-TOYOTA-01,2026-07-18 16:00:00,2026-07-19 00:00:00,840
SCH-20260718-MCH-COILING-02-S1,2026-07-18,1,LINE-COIL-01,MCH-COILING-02,SKU-CS-TOYOTA-01,2026-07-18 00:00:00,2026-07-18 08:00:00,840
SCH-20260718-MCH-COILING-02-S2,2026-07-18,2,LINE-COIL-01,MCH-COILING-02,SKU-CS-TOYOTA-01,2026-07-18 08:00:00,2026-07-18 16:00:00,840
SCH-20260718-MCH-COILING-02-S3,2026-07-18,3,LINE-COIL-01,MCH-COILING-02,SKU-CS-TOYOTA-01,2026-07-18 16:00:00,2026-07-19 00:00:00,840
SCH-20260718-MCH-HEATTREAT-01-S1,2026-07-18,1,LINE-SPRING-01,MCH-HEATTREAT-01,SKU-LS-ISUZU-02,2026-07-18 00:00:00,2026-07-18 08:00:00,458
SCH-20260718-MCH-HEATTREAT-01-S2,2026-07-18,2,LINE-SPRING-01,MCH-HEATTREAT-01,SKU-LS-ISUZU-02,2026-07-18 08:00:00,2026-07-18 16:00:00,458
SCH-20260718-MCH-HEATTREAT-01-S3,2026-07-18,3,LINE-SPRING-01,MCH-HEATTREAT-01,SKU-LS-ISUZU-02,2026-07-18 16:00:00,2026-07-19 00:00:00,458
SCH-20260718-MCH-TEMPERING-01-S1,2026-07-18,1,LINE-SPRING-01,MCH-TEMPERING-01,SKU-LS-HINO-01,2026-07-18 00:00:00,2026-07-18 08:00:00,560
SCH-20260718-MCH-TEMPERING-01-S2,2026-07-18,2,LINE-SPRING-01,MCH-TEMPERING-01,SKU-LS-HINO-01,2026-07-18 08:00:00,2026-07-18 16:00:00,560
SCH-20260718-MCH-TEMPERING-01-S3,2026-07-18,3,LINE-SPRING-01,MCH-TEMPERING-01,SKU-LS-HINO-01,2026-07-18 16:00:00,2026-07-19 00:00:00,560
SCH-20260718-MCH-SHOTPEEN-01-S1,2026-07-18,1,LINE-SPRING-01,MCH-SHOTPEEN-01,SKU-LS-ISUZU-02,2026-07-18 00:00:00,2026-07-18 08:00:00,458
SCH-20260718-MCH-SHOTPEEN-01-S2,2026-07-18,2,LINE-SPRING-01,MCH-SHOTPEEN-01,SKU-LS-ISUZU-02,2026-07-18 08:00:00,2026-07-18 16:00:00,458
SCH-20260718-MCH-SHOTPEEN-01-S3,2026-07-18,3,LINE-SPRING-01,MCH-SHOTPEEN-01,SKU-LS-ISUZU-02,2026-07-18 16:00:00,2026-07-19 00:00:00,458
SCH-20260718-MCH-PRESS-01-S1,2026-07-18,1,LINE-SPRING-02,MCH-PRESS-01,SKU-LS-ISUZU-02,2026-07-18 00:00:00,2026-07-18 08:00:00,458
SCH-20260718-MCH-PRESS-01-S2,2026-07-18,2,LINE-SPRING-02,MCH-PRESS-01,SKU-LS-ISUZU-02,2026-07-18 08:00:00,2026-07-18 16:00:00,458
SCH-20260718-MCH-PRESS-01-S3,2026-07-18,3,LINE-SPRING-02,MCH-PRESS-01,SKU-LS-ISUZU-02,2026-07-18 16:00:00,2026-07-19 00:00:00,458
SCH-20260718-MCH-STABILIZER-01-S1,2026-07-18,1,LINE-STABILIZER-01,MCH-STABILIZER-01,SKU-SB-AVANZA-02,2026-07-18 00:00:00,2026-07-18 08:00:00,630
SCH-20260718-MCH-STABILIZER-01-S2,2026-07-18,2,LINE-STABILIZER-01,MCH-STABILIZER-01,SKU-SB-AVANZA-02,2026-07-18 08:00:00,2026-07-18 16:00:00,630
SCH-20260718-MCH-STABILIZER-01-S3,2026-07-18,3,LINE-STABILIZER-01,MCH-STABILIZER-01,SKU-SB-AVANZA-02,2026-07-18 16:00:00,2026-07-19 00:00:00,630
SCH-20260718-MCH-TESTING-01-S1,2026-07-18,1,LINE-COIL-01,MCH-TESTING-01,SKU-LS-ISUZU-02,2026-07-18 00:00:00,2026-07-18 08:00:00,458
SCH-20260718-MCH-TESTING-01-S2,2026-07-18,2,LINE-COIL-01,MCH-TESTING-01,SKU-LS-ISUZU-02,2026-07-18 08:00:00,2026-07-18 16:00:00,458
SCH-20260718-MCH-TESTING-01-S3,2026-07-18,3,LINE-COIL-01,MCH-TESTING-01,SKU-LS-ISUZU-02,2026-07-18 16:00:00,2026-07-19 00:00:00,458
SCH-20260719-MCH-COILING-01-S1,2026-07-19,1,LINE-COIL-01,MCH-COILING-01,SKU-CS-HONDA-02,2026-07-19 00:00:00,2026-07-19 08:00:00,900
SCH-20260719-MCH-COILING-01-S2,2026-07-19,2,LINE-COIL-01,MCH-COILING-01,SKU-CS-HONDA-02,2026-07-19 08:00:00,2026-07-19 16:00:00,900
SCH-20260719-MCH-COILING-01-S3,2026-07-19,3,LINE-COIL-01,MCH-COILING-01,SKU-CS-HONDA-02,2026-07-19 16:00:00,2026-07-20 00:00:00,900
SCH-20260719-MCH-COILING-02-S1,2026-07-19,1,LINE-COIL-01,MCH-COILING-02,SKU-CS-TOYOTA-01,2026-07-19 00:00:00,2026-07-19 08:00:00,840
SCH-20260719-MCH-COILING-02-S2,2026-07-19,2,LINE-COIL-01,MCH-COILING-02,SKU-CS-TOYOTA-01,2026-07-19 08:00:00,2026-07-19 16:00:00,840
SCH-20260719-MCH-COILING-02-S3,2026-07-19,3,LINE-COIL-01,MCH-COILING-02,SKU-CS-TOYOTA-01,2026-07-19 16:00:00,2026-07-20 00:00:00,840
SCH-20260719-MCH-HEATTREAT-01-S1,2026-07-19,1,LINE-SPRING-01,MCH-HEATTREAT-01,SKU-LS-HINO-01,2026-07-19 00:00:00,2026-07-19 08:00:00,560
SCH-20260719-MCH-HEATTREAT-01-S2,2026-07-19,2,LINE-SPRING-01,MCH-HEATTREAT-01,SKU-LS-HINO-01,2026-07-19 08:00:00,2026-07-19 16:00:00,560
SCH-20260719-MCH-HEATTREAT-01-S3,2026-07-19,3,LINE-SPRING-01,MCH-HEATTREAT-01,SKU-LS-HINO-01,2026-07-19 16:00:00,2026-07-20 00:00:00,560
SCH-20260719-MCH-TEMPERING-01-S1,2026-07-19,1,LINE-SPRING-01,MCH-TEMPERING-01,SKU-LS-HINO-01,2026-07-19 00:00:00,2026-07-19 08:00:00,560
SCH-20260719-MCH-TEMPERING-01-S2,2026-07-19,2,LINE-SPRING-01,MCH-TEMPERING-01,SKU-LS-HINO-01,2026-07-19 08:00:00,2026-07-19 16:00:00,560
SCH-20260719-MCH-TEMPERING-01-S3,2026-07-19,3,LINE-SPRING-01,MCH-TEMPERING-01,SKU-LS-HINO-01,2026-07-19 16:00:00,2026-07-20 00:00:00,560
SCH-20260719-MCH-SHOTPEEN-01-S1,2026-07-19,1,LINE-SPRING-01,MCH-SHOTPEEN-01,SKU-LS-ISUZU-02,2026-07-19 00:00:00,2026-07-19 08:00:00,458
SCH-20260719-MCH-SHOTPEEN-01-S2,2026-07-19,2,LINE-SPRING-01,MCH-SHOTPEEN-01,SKU-LS-ISUZU-02,2026-07-19 08:00:00,2026-07-19 16:00:00,458
SCH-20260719-MCH-SHOTPEEN-01-S3,2026-07-19,3,LINE-SPRING-01,MCH-SHOTPEEN-01,SKU-LS-ISUZU-02,2026-07-19 16:00:00,2026-07-20 00:00:00,458
SCH-20260719-MCH-PRESS-01-S1,2026-07-19,1,LINE-SPRING-02,MCH-PRESS-01,SKU-LS-ISUZU-02,2026-07-19 00:00:00,2026-07-19 08:00:00,458
SCH-20260719-MCH-PRESS-01-S2,2026-07-19,2,LINE-SPRING-02,MCH-PRESS-01,SKU-LS-ISUZU-02,2026-07-19 08:00:00,2026-07-19 16:00:00,458
SCH-20260719-MCH-PRESS-01-S3,2026-07-19,3,LINE-SPRING-02,MCH-PRESS-01,SKU-LS-ISUZU-02,2026-07-19 16:00:00,2026-07-20 00:00:00,458
SCH-20260719-MCH-STABILIZER-01-S1,2026-07-19,1,LINE-STABILIZER-01,MCH-STABILIZER-01,SKU-SB-AVANZA-02,2026-07-19 00:00:00,2026-07-19 08:00:00,630
SCH-20260719-MCH-STABILIZER-01-S2,2026-07-19,2,LINE-STABILIZER-01,MCH-STABILIZER-01,SKU-SB-AVANZA-02,2026-07-19 08:00:00,2026-07-19 16:00:00,630
SCH-20260719-MCH-STABILIZER-01-S3,2026-07-19,3,LINE-STABILIZER-01,MCH-STABILIZER-01,SKU-SB-AVANZA-02,2026-07-19 16:00:00,2026-07-20 00:00:00,630
SCH-20260719-MCH-TESTING-01-S1,2026-07-19,1,LINE-COIL-01,MCH-TESTING-01,SKU-LS-HINO-01,2026-07-19 00:00:00,2026-07-19 08:00:00,560
SCH-20260719-MCH-TESTING-01-S2,2026-07-19,2,LINE-COIL-01,MCH-TESTING-01,SKU-LS-HINO-01,2026-07-19 08:00:00,2026-07-19 16:00:00,560
SCH-20260719-MCH-TESTING-01-S3,2026-07-19,3,LINE-COIL-01,MCH-TESTING-01,SKU-LS-HINO-01,2026-07-19 16:00:00,2026-07-20 00:00:00,560
SCH-20260720-MCH-COILING-01-S1,2026-07-20,1,LINE-COIL-01,MCH-COILING-01,SKU-CS-HONDA-02,2026-07-20 00:00:00,2026-07-20 08:00:00,900
SCH-20260720-MCH-COILING-01-S2,2026-07-20,2,LINE-COIL-01,MCH-COILING-01,SKU-CS-HONDA-02,2026-07-20 08:00:00,2026-07-20 16:00:00,900
SCH-20260720-MCH-COILING-01-S3,2026-07-20,3,LINE-COIL-01,MCH-COILING-01,SKU-CS-HONDA-02,2026-07-20 16:00:00,2026-07-21 00:00:00,900
SCH-20260720-MCH-COILING-02-S1,2026-07-20,1,LINE-COIL-01,MCH-COILING-02,SKU-CS-HONDA-02,2026-07-20 00:00:00,2026-07-20 08:00:00,900
SCH-20260720-MCH-COILING-02-S2,2026-07-20,2,LINE-COIL-01,MCH-COILING-02,SKU-CS-HONDA-02,2026-07-20 08:00:00,2026-07-20 16:00:00,900
SCH-20260720-MCH-COILING-02-S3,2026-07-20,3,LINE-COIL-01,MCH-COILING-02,SKU-CS-HONDA-02,2026-07-20 16:00:00,2026-07-21 00:00:00,900
SCH-20260720-MCH-HEATTREAT-01-S1,2026-07-20,1,LINE-SPRING-01,MCH-HEATTREAT-01,SKU-LS-HINO-01,2026-07-20 00:00:00,2026-07-20 08:00:00,560
SCH-20260720-MCH-HEATTREAT-01-S2,2026-07-20,2,LINE-SPRING-01,MCH-HEATTREAT-01,SKU-LS-HINO-01,2026-07-20 08:00:00,2026-07-20 16:00:00,560
SCH-20260720-MCH-HEATTREAT-01-S3,2026-07-20,3,LINE-SPRING-01,MCH-HEATTREAT-01,SKU-LS-HINO-01,2026-07-20 16:00:00,2026-07-21 00:00:00,560
SCH-20260720-MCH-TEMPERING-01-S1,2026-07-20,1,LINE-SPRING-01,MCH-TEMPERING-01,SKU-LS-HINO-01,2026-07-20 00:00:00,2026-07-20 08:00:00,560
SCH-20260720-MCH-TEMPERING-01-S2,2026-07-20,2,LINE-SPRING-01,MCH-TEMPERING-01,SKU-LS-HINO-01,2026-07-20 08:00:00,2026-07-20 16:00:00,560
SCH-20260720-MCH-TEMPERING-01-S3,2026-07-20,3,LINE-SPRING-01,MCH-TEMPERING-01,SKU-LS-HINO-01,2026-07-20 16:00:00,2026-07-21 00:00:00,560
SCH-20260720-MCH-SHOTPEEN-01-S1,2026-07-20,1,LINE-SPRING-01,MCH-SHOTPEEN-01,SKU-LS-ISUZU-02,2026-07-20 00:00:00,2026-07-20 08:00:00,458
SCH-20260720-MCH-SHOTPEEN-01-S2,2026-07-20,2,LINE-SPRING-01,MCH-SHOTPEEN-01,SKU-LS-ISUZU-02,2026-07-20 08:00:00,2026-07-20 16:00:00,458
SCH-20260720-MCH-SHOTPEEN-01-S3,2026-07-20,3,LINE-SPRING-01,MCH-SHOTPEEN-01,SKU-LS-ISUZU-02,2026-07-20 16:00:00,2026-07-21 00:00:00,458
SCH-20260720-MCH-PRESS-01-S1,2026-07-20,1,LINE-SPRING-02,MCH-PRESS-01,SKU-LS-HINO-01,2026-07-20 00:00:00,2026-07-20 08:00:00,560
SCH-20260720-MCH-PRESS-01-S2,2026-07-20,2,LINE-SPRING-02,MCH-PRESS-01,SKU-LS-HINO-01,2026-07-20 08:00:00,2026-07-20 16:00:00,560
SCH-20260720-MCH-PRESS-01-S3,2026-07-20,3,LINE-SPRING-02,MCH-PRESS-01,SKU-LS-HINO-01,2026-07-20 16:00:00,2026-07-21 00:00:00,560
SCH-20260720-MCH-STABILIZER-01-S1,2026-07-20,1,LINE-STABILIZER-01,MCH-STABILIZER-01,SKU-SB-AVANZA-02,2026-07-20 00:00:00,2026-07-20 08:00:00,630
SCH-20260720-MCH-STABILIZER-01-S2,2026-07-20,2,LINE-STABILIZER-01,MCH-STABILIZER-01,SKU-SB-AVANZA-02,2026-07-20 08:00:00,2026-07-20 16:00:00,630
SCH-20260720-MCH-STABILIZER-01-S3,2026-07-20,3,LINE-STABILIZER-01,MCH-STABILIZER-01,SKU-SB-AVANZA-02,2026-07-20 16:00:00,2026-07-21 00:00:00,630
SCH-20260720-MCH-TESTING-01-S1,2026-07-20,1,LINE-COIL-01,MCH-TESTING-01,SKU-LS-HINO-01,2026-07-20 00:00:00,2026-07-20 08:00:00,560
SCH-20260720-MCH-TESTING-01-S2,2026-07-20,2,LINE-COIL-01,MCH-TESTING-01,SKU-LS-HINO-01,2026-07-20 08:00:00,2026-07-20 16:00:00,560
SCH-20260720-MCH-TESTING-01-S3,2026-07-20,3,LINE-COIL-01,MCH-TESTING-01,SKU-LS-HINO-01,2026-07-20 16:00:00,2026-07-21 00:00:00,560
SCH-20260721-MCH-COILING-01-S1,2026-07-21,1,LINE-COIL-01,MCH-COILING-01,SKU-CS-HONDA-02,2026-07-21 00:00:00,2026-07-21 08:00:00,900
SCH-20260721-MCH-COILING-01-S2,2026-07-21,2,LINE-COIL-01,MCH-COILING-01,SKU-CS-HONDA-02,2026-07-21 08:00:00,2026-07-21 16:00:00,900
SCH-20260721-MCH-COILING-01-S3,2026-07-21,3,LINE-COIL-01,MCH-COILING-01,SKU-CS-HONDA-02,2026-07-21 16:00:00,2026-07-22 00:00:00,900
SCH-20260721-MCH-COILING-02-S1,2026-07-21,1,LINE-COIL-01,MCH-COILING-02,SKU-CS-HONDA-02,2026-07-21 00:00:00,2026-07-21 08:00:00,900
SCH-20260721-MCH-COILING-02-S2,2026-07-21,2,LINE-COIL-01,MCH-COILING-02,SKU-CS-HONDA-02,2026-07-21 08:00:00,2026-07-21 16:00:00,900
SCH-20260721-MCH-COILING-02-S3,2026-07-21,3,LINE-COIL-01,MCH-COILING-02,SKU-CS-HONDA-02,2026-07-21 16:00:00,2026-07-22 00:00:00,900
SCH-20260721-MCH-HEATTREAT-01-S1,2026-07-21,1,LINE-SPRING-01,MCH-HEATTREAT-01,SKU-LS-ISUZU-02,2026-07-21 00:00:00,2026-07-21 08:00:00,458
SCH-20260721-MCH-HEATTREAT-01-S2,2026-07-21,2,LINE-SPRING-01,MCH-HEATTREAT-01,SKU-LS-ISUZU-02,2026-07-21 08:00:00,2026-07-21 16:00:00,458
SCH-20260721-MCH-HEATTREAT-01-S3,2026-07-21,3,LINE-SPRING-01,MCH-HEATTREAT-01,SKU-LS-ISUZU-02,2026-07-21 16:00:00,2026-07-22 00:00:00,458
SCH-20260721-MCH-TEMPERING-01-S1,2026-07-21,1,LINE-SPRING-01,MCH-TEMPERING-01,SKU-LS-ISUZU-02,2026-07-21 00:00:00,2026-07-21 08:00:00,458
SCH-20260721-MCH-TEMPERING-01-S2,2026-07-21,2,LINE-SPRING-01,MCH-TEMPERING-01,SKU-LS-ISUZU-02,2026-07-21 08:00:00,2026-07-21 16:00:00,458
SCH-20260721-MCH-TEMPERING-01-S3,2026-07-21,3,LINE-SPRING-01,MCH-TEMPERING-01,SKU-LS-ISUZU-02,2026-07-21 16:00:00,2026-07-22 00:00:00,458
SCH-20260721-MCH-SHOTPEEN-01-S1,2026-07-21,1,LINE-SPRING-01,MCH-SHOTPEEN-01,SKU-LS-HINO-01,2026-07-21 00:00:00,2026-07-21 08:00:00,560
SCH-20260721-MCH-SHOTPEEN-01-S2,2026-07-21,2,LINE-SPRING-01,MCH-SHOTPEEN-01,SKU-LS-HINO-01,2026-07-21 08:00:00,2026-07-21 16:00:00,560
SCH-20260721-MCH-SHOTPEEN-01-S3,2026-07-21,3,LINE-SPRING-01,MCH-SHOTPEEN-01,SKU-LS-HINO-01,2026-07-21 16:00:00,2026-07-22 00:00:00,560
SCH-20260721-MCH-PRESS-01-S1,2026-07-21,1,LINE-SPRING-02,MCH-PRESS-01,SKU-LS-ISUZU-02,2026-07-21 00:00:00,2026-07-21 08:00:00,458
SCH-20260721-MCH-PRESS-01-S2,2026-07-21,2,LINE-SPRING-02,MCH-PRESS-01,SKU-LS-ISUZU-02,2026-07-21 08:00:00,2026-07-21 16:00:00,458
SCH-20260721-MCH-PRESS-01-S3,2026-07-21,3,LINE-SPRING-02,MCH-PRESS-01,SKU-LS-ISUZU-02,2026-07-21 16:00:00,2026-07-22 00:00:00,458
SCH-20260721-MCH-STABILIZER-01-S1,2026-07-21,1,LINE-STABILIZER-01,MCH-STABILIZER-01,SKU-SB-AVANZA-02,2026-07-21 00:00:00,2026-07-21 08:00:00,630
SCH-20260721-MCH-STABILIZER-01-S2,2026-07-21,2,LINE-STABILIZER-01,MCH-STABILIZER-01,SKU-SB-AVANZA-02,2026-07-21 08:00:00,2026-07-21 16:00:00,630
SCH-20260721-MCH-STABILIZER-01-S3,2026-07-21,3,LINE-STABILIZER-01,MCH-STABILIZER-01,SKU-SB-AVANZA-02,2026-07-21 16:00:00,2026-07-22 00:00:00,630
SCH-20260721-MCH-TESTING-01-S1,2026-07-21,1,LINE-COIL-01,MCH-TESTING-01,SKU-LS-HINO-01,2026-07-21 00:00:00,2026-07-21 08:00:00,560
SCH-20260721-MCH-TESTING-01-S2,2026-07-21,2,LINE-COIL-01,MCH-TESTING-01,SKU-LS-HINO-01,2026-07-21 08:00:00,2026-07-21 16:00:00,560
SCH-20260721-MCH-TESTING-01-S3,2026-07-21,3,LINE-COIL-01,MCH-TESTING-01,SKU-LS-HINO-01,2026-07-21 16:00:00,2026-07-22 00:00:00,560
SCH-20260722-MCH-COILING-01-S1,2026-07-22,1,LINE-COIL-01,MCH-COILING-01,SKU-CS-HONDA-02,2026-07-22 00:00:00,2026-07-22 08:00:00,900
SCH-20260722-MCH-COILING-01-S2,2026-07-22,2,LINE-COIL-01,MCH-COILING-01,SKU-CS-HONDA-02,2026-07-22 08:00:00,2026-07-22 16:00:00,900
SCH-20260722-MCH-COILING-01-S3,2026-07-22,3,LINE-COIL-01,MCH-COILING-01,SKU-CS-HONDA-02,2026-07-22 16:00:00,2026-07-23 00:00:00,900
SCH-20260722-MCH-COILING-02-S1,2026-07-22,1,LINE-COIL-01,MCH-COILING-02,SKU-CS-TOYOTA-01,2026-07-22 00:00:00,2026-07-22 08:00:00,840
SCH-20260722-MCH-COILING-02-S2,2026-07-22,2,LINE-COIL-01,MCH-COILING-02,SKU-CS-TOYOTA-01,2026-07-22 08:00:00,2026-07-22 16:00:00,840
SCH-20260722-MCH-COILING-02-S3,2026-07-22,3,LINE-COIL-01,MCH-COILING-02,SKU-CS-TOYOTA-01,2026-07-22 16:00:00,2026-07-23 00:00:00,840
SCH-20260722-MCH-HEATTREAT-01-S1,2026-07-22,1,LINE-SPRING-01,MCH-HEATTREAT-01,SKU-LS-HINO-01,2026-07-22 00:00:00,2026-07-22 08:00:00,560
SCH-20260722-MCH-HEATTREAT-01-S2,2026-07-22,2,LINE-SPRING-01,MCH-HEATTREAT-01,SKU-LS-HINO-01,2026-07-22 08:00:00,2026-07-22 16:00:00,560
SCH-20260722-MCH-HEATTREAT-01-S3,2026-07-22,3,LINE-SPRING-01,MCH-HEATTREAT-01,SKU-LS-HINO-01,2026-07-22 16:00:00,2026-07-23 00:00:00,560
SCH-20260722-MCH-TEMPERING-01-S1,2026-07-22,1,LINE-SPRING-01,MCH-TEMPERING-01,SKU-LS-ISUZU-02,2026-07-22 00:00:00,2026-07-22 08:00:00,458
SCH-20260722-MCH-TEMPERING-01-S2,2026-07-22,2,LINE-SPRING-01,MCH-TEMPERING-01,SKU-LS-ISUZU-02,2026-07-22 08:00:00,2026-07-22 16:00:00,458
SCH-20260722-MCH-TEMPERING-01-S3,2026-07-22,3,LINE-SPRING-01,MCH-TEMPERING-01,SKU-LS-ISUZU-02,2026-07-22 16:00:00,2026-07-23 00:00:00,458
SCH-20260722-MCH-SHOTPEEN-01-S1,2026-07-22,1,LINE-SPRING-01,MCH-SHOTPEEN-01,SKU-LS-ISUZU-02,2026-07-22 00:00:00,2026-07-22 08:00:00,458
SCH-20260722-MCH-SHOTPEEN-01-S2,2026-07-22,2,LINE-SPRING-01,MCH-SHOTPEEN-01,SKU-LS-ISUZU-02,2026-07-22 08:00:00,2026-07-22 16:00:00,458
SCH-20260722-MCH-SHOTPEEN-01-S3,2026-07-22,3,LINE-SPRING-01,MCH-SHOTPEEN-01,SKU-LS-ISUZU-02,2026-07-22 16:00:00,2026-07-23 00:00:00,458
SCH-20260722-MCH-PRESS-01-S1,2026-07-22,1,LINE-SPRING-02,MCH-PRESS-01,SKU-LS-HINO-01,2026-07-22 00:00:00,2026-07-22 08:00:00,560
SCH-20260722-MCH-PRESS-01-S2,2026-07-22,2,LINE-SPRING-02,MCH-PRESS-01,SKU-LS-HINO-01,2026-07-22 08:00:00,2026-07-22 16:00:00,560
SCH-20260722-MCH-PRESS-01-S3,2026-07-22,3,LINE-SPRING-02,MCH-PRESS-01,SKU-LS-HINO-01,2026-07-22 16:00:00,2026-07-23 00:00:00,560
SCH-20260722-MCH-STABILIZER-01-S1,2026-07-22,1,LINE-STABILIZER-01,MCH-STABILIZER-01,SKU-SB-CANTER-01,2026-07-22 00:00:00,2026-07-22 08:00:00,420
SCH-20260722-MCH-STABILIZER-01-S2,2026-07-22,2,LINE-STABILIZER-01,MCH-STABILIZER-01,SKU-SB-CANTER-01,2026-07-22 08:00:00,2026-07-22 16:00:00,420
SCH-20260722-MCH-STABILIZER-01-S3,2026-07-22,3,LINE-STABILIZER-01,MCH-STABILIZER-01,SKU-SB-CANTER-01,2026-07-22 16:00:00,2026-07-23 00:00:00,420
SCH-20260722-MCH-TESTING-01-S1,2026-07-22,1,LINE-COIL-01,MCH-TESTING-01,SKU-LS-HINO-01,2026-07-22 00:00:00,2026-07-22 08:00:00,560
SCH-20260722-MCH-TESTING-01-S2,2026-07-22,2,LINE-COIL-01,MCH-TESTING-01,SKU-LS-HINO-01,2026-07-22 08:00:00,2026-07-22 16:00:00,560
SCH-20260722-MCH-TESTING-01-S3,2026-07-22,3,LINE-COIL-01,MCH-TESTING-01,SKU-LS-HINO-01,2026-07-22 16:00:00,2026-07-23 00:00:00,560
SCH-20260723-MCH-COILING-01-S1,2026-07-23,1,LINE-COIL-01,MCH-COILING-01,SKU-CS-TOYOTA-01,2026-07-23 00:00:00,2026-07-23 08:00:00,840
SCH-20260723-MCH-COILING-01-S2,2026-07-23,2,LINE-COIL-01,MCH-COILING-01,SKU-CS-TOYOTA-01,2026-07-23 08:00:00,2026-07-23 16:00:00,840
SCH-20260723-MCH-COILING-01-S3,2026-07-23,3,LINE-COIL-01,MCH-COILING-01,SKU-CS-TOYOTA-01,2026-07-23 16:00:00,2026-07-24 00:00:00,840
SCH-20260723-MCH-COILING-02-S1,2026-07-23,1,LINE-COIL-01,MCH-COILING-02,SKU-CS-HONDA-02,2026-07-23 00:00:00,2026-07-23 08:00:00,900
SCH-20260723-MCH-COILING-02-S2,2026-07-23,2,LINE-COIL-01,MCH-COILING-02,SKU-CS-HONDA-02,2026-07-23 08:00:00,2026-07-23 16:00:00,900
SCH-20260723-MCH-COILING-02-S3,2026-07-23,3,LINE-COIL-01,MCH-COILING-02,SKU-CS-HONDA-02,2026-07-23 16:00:00,2026-07-24 00:00:00,900
SCH-20260723-MCH-HEATTREAT-01-S1,2026-07-23,1,LINE-SPRING-01,MCH-HEATTREAT-01,SKU-LS-HINO-01,2026-07-23 00:00:00,2026-07-23 08:00:00,560
SCH-20260723-MCH-HEATTREAT-01-S2,2026-07-23,2,LINE-SPRING-01,MCH-HEATTREAT-01,SKU-LS-HINO-01,2026-07-23 08:00:00,2026-07-23 16:00:00,560
SCH-20260723-MCH-HEATTREAT-01-S3,2026-07-23,3,LINE-SPRING-01,MCH-HEATTREAT-01,SKU-LS-HINO-01,2026-07-23 16:00:00,2026-07-24 00:00:00,560
SCH-20260723-MCH-TEMPERING-01-S1,2026-07-23,1,LINE-SPRING-01,MCH-TEMPERING-01,SKU-LS-HINO-01,2026-07-23 00:00:00,2026-07-23 08:00:00,560
SCH-20260723-MCH-TEMPERING-01-S2,2026-07-23,2,LINE-SPRING-01,MCH-TEMPERING-01,SKU-LS-HINO-01,2026-07-23 08:00:00,2026-07-23 16:00:00,560
SCH-20260723-MCH-TEMPERING-01-S3,2026-07-23,3,LINE-SPRING-01,MCH-TEMPERING-01,SKU-LS-HINO-01,2026-07-23 16:00:00,2026-07-24 00:00:00,560
SCH-20260723-MCH-SHOTPEEN-01-S1,2026-07-23,1,LINE-SPRING-01,MCH-SHOTPEEN-01,SKU-LS-HINO-01,2026-07-23 00:00:00,2026-07-23 08:00:00,560
SCH-20260723-MCH-SHOTPEEN-01-S2,2026-07-23,2,LINE-SPRING-01,MCH-SHOTPEEN-01,SKU-LS-HINO-01,2026-07-23 08:00:00,2026-07-23 16:00:00,560
SCH-20260723-MCH-SHOTPEEN-01-S3,2026-07-23,3,LINE-SPRING-01,MCH-SHOTPEEN-01,SKU-LS-HINO-01,2026-07-23 16:00:00,2026-07-24 00:00:00,560
SCH-20260723-MCH-PRESS-01-S1,2026-07-23,1,LINE-SPRING-02,MCH-PRESS-01,SKU-LS-HINO-01,2026-07-23 00:00:00,2026-07-23 08:00:00,560
SCH-20260723-MCH-PRESS-01-S2,2026-07-23,2,LINE-SPRING-02,MCH-PRESS-01,SKU-LS-HINO-01,2026-07-23 08:00:00,2026-07-23 16:00:00,560
SCH-20260723-MCH-PRESS-01-S3,2026-07-23,3,LINE-SPRING-02,MCH-PRESS-01,SKU-LS-HINO-01,2026-07-23 16:00:00,2026-07-24 00:00:00,560
SCH-20260723-MCH-STABILIZER-01-S1,2026-07-23,1,LINE-STABILIZER-01,MCH-STABILIZER-01,SKU-SB-AVANZA-02,2026-07-23 00:00:00,2026-07-23 08:00:00,630
SCH-20260723-MCH-STABILIZER-01-S2,2026-07-23,2,LINE-STABILIZER-01,MCH-STABILIZER-01,SKU-SB-AVANZA-02,2026-07-23 08:00:00,2026-07-23 16:00:00,630
SCH-20260723-MCH-STABILIZER-01-S3,2026-07-23,3,LINE-STABILIZER-01,MCH-STABILIZER-01,SKU-SB-AVANZA-02,2026-07-23 16:00:00,2026-07-24 00:00:00,630
SCH-20260723-MCH-TESTING-01-S1,2026-07-23,1,LINE-COIL-01,MCH-TESTING-01,SKU-LS-ISUZU-02,2026-07-23 00:00:00,2026-07-23 08:00:00,458
SCH-20260723-MCH-TESTING-01-S2,2026-07-23,2,LINE-COIL-01,MCH-TESTING-01,SKU-LS-ISUZU-02,2026-07-23 08:00:00,2026-07-23 16:00:00,458
SCH-20260723-MCH-TESTING-01-S3,2026-07-23,3,LINE-COIL-01,MCH-TESTING-01,SKU-LS-ISUZU-02,2026-07-23 16:00:00,2026-07-24 00:00:00,458
SCH-20260724-MCH-COILING-01-S1,2026-07-24,1,LINE-COIL-01,MCH-COILING-01,SKU-CS-HONDA-02,2026-07-24 00:00:00,2026-07-24 08:00:00,900
SCH-20260724-MCH-COILING-01-S2,2026-07-24,2,LINE-COIL-01,MCH-COILING-01,SKU-CS-HONDA-02,2026-07-24 08:00:00,2026-07-24 16:00:00,900
SCH-20260724-MCH-COILING-01-S3,2026-07-24,3,LINE-COIL-01,MCH-COILING-01,SKU-CS-HONDA-02,2026-07-24 16:00:00,2026-07-25 00:00:00,900
SCH-20260724-MCH-COILING-02-S1,2026-07-24,1,LINE-COIL-01,MCH-COILING-02,SKU-CS-HONDA-02,2026-07-24 00:00:00,2026-07-24 08:00:00,900
SCH-20260724-MCH-COILING-02-S2,2026-07-24,2,LINE-COIL-01,MCH-COILING-02,SKU-CS-HONDA-02,2026-07-24 08:00:00,2026-07-24 16:00:00,900
SCH-20260724-MCH-COILING-02-S3,2026-07-24,3,LINE-COIL-01,MCH-COILING-02,SKU-CS-HONDA-02,2026-07-24 16:00:00,2026-07-25 00:00:00,900
SCH-20260724-MCH-HEATTREAT-01-S1,2026-07-24,1,LINE-SPRING-01,MCH-HEATTREAT-01,SKU-LS-ISUZU-02,2026-07-24 00:00:00,2026-07-24 08:00:00,458
SCH-20260724-MCH-HEATTREAT-01-S2,2026-07-24,2,LINE-SPRING-01,MCH-HEATTREAT-01,SKU-LS-ISUZU-02,2026-07-24 08:00:00,2026-07-24 16:00:00,458
SCH-20260724-MCH-HEATTREAT-01-S3,2026-07-24,3,LINE-SPRING-01,MCH-HEATTREAT-01,SKU-LS-ISUZU-02,2026-07-24 16:00:00,2026-07-25 00:00:00,458
SCH-20260724-MCH-TEMPERING-01-S1,2026-07-24,1,LINE-SPRING-01,MCH-TEMPERING-01,SKU-LS-HINO-01,2026-07-24 00:00:00,2026-07-24 08:00:00,560
SCH-20260724-MCH-TEMPERING-01-S2,2026-07-24,2,LINE-SPRING-01,MCH-TEMPERING-01,SKU-LS-HINO-01,2026-07-24 08:00:00,2026-07-24 16:00:00,560
SCH-20260724-MCH-TEMPERING-01-S3,2026-07-24,3,LINE-SPRING-01,MCH-TEMPERING-01,SKU-LS-HINO-01,2026-07-24 16:00:00,2026-07-25 00:00:00,560
SCH-20260724-MCH-SHOTPEEN-01-S1,2026-07-24,1,LINE-SPRING-01,MCH-SHOTPEEN-01,SKU-LS-HINO-01,2026-07-24 00:00:00,2026-07-24 08:00:00,560
SCH-20260724-MCH-SHOTPEEN-01-S2,2026-07-24,2,LINE-SPRING-01,MCH-SHOTPEEN-01,SKU-LS-HINO-01,2026-07-24 08:00:00,2026-07-24 16:00:00,560
SCH-20260724-MCH-SHOTPEEN-01-S3,2026-07-24,3,LINE-SPRING-01,MCH-SHOTPEEN-01,SKU-LS-HINO-01,2026-07-24 16:00:00,2026-07-25 00:00:00,560
SCH-20260724-MCH-PRESS-01-S1,2026-07-24,1,LINE-SPRING-02,MCH-PRESS-01,SKU-LS-HINO-01,2026-07-24 00:00:00,2026-07-24 08:00:00,560
SCH-20260724-MCH-PRESS-01-S2,2026-07-24,2,LINE-SPRING-02,MCH-PRESS-01,SKU-LS-HINO-01,2026-07-24 08:00:00,2026-07-24 16:00:00,560
SCH-20260724-MCH-PRESS-01-S3,2026-07-24,3,LINE-SPRING-02,MCH-PRESS-01,SKU-LS-HINO-01,2026-07-24 16:00:00,2026-07-25 00:00:00,560
SCH-20260724-MCH-STABILIZER-01-S1,2026-07-24,1,LINE-STABILIZER-01,MCH-STABILIZER-01,SKU-SB-AVANZA-02,2026-07-24 00:00:00,2026-07-24 08:00:00,630
SCH-20260724-MCH-STABILIZER-01-S2,2026-07-24,2,LINE-STABILIZER-01,MCH-STABILIZER-01,SKU-SB-AVANZA-02,2026-07-24 08:00:00,2026-07-24 16:00:00,630
SCH-20260724-MCH-STABILIZER-01-S3,2026-07-24,3,LINE-STABILIZER-01,MCH-STABILIZER-01,SKU-SB-AVANZA-02,2026-07-24 16:00:00,2026-07-25 00:00:00,630
SCH-20260724-MCH-TESTING-01-S1,2026-07-24,1,LINE-COIL-01,MCH-TESTING-01,SKU-LS-HINO-01,2026-07-24 00:00:00,2026-07-24 08:00:00,560
SCH-20260724-MCH-TESTING-01-S2,2026-07-24,2,LINE-COIL-01,MCH-TESTING-01,SKU-LS-HINO-01,2026-07-24 08:00:00,2026-07-24 16:00:00,560
SCH-20260724-MCH-TESTING-01-S3,2026-07-24,3,LINE-COIL-01,MCH-TESTING-01,SKU-LS-HINO-01,2026-07-24 16:00:00,2026-07-25 00:00:00,560
SCH-20260725-MCH-COILING-01-S1,2026-07-25,1,LINE-COIL-01,MCH-COILING-01,SKU-CS-TOYOTA-01,2026-07-25 00:00:00,2026-07-25 08:00:00,840
SCH-20260725-MCH-COILING-01-S2,2026-07-25,2,LINE-COIL-01,MCH-COILING-01,SKU-CS-TOYOTA-01,2026-07-25 08:00:00,2026-07-25 16:00:00,840
SCH-20260725-MCH-COILING-01-S3,2026-07-25,3,LINE-COIL-01,MCH-COILING-01,SKU-CS-TOYOTA-01,2026-07-25 16:00:00,2026-07-26 00:00:00,840
SCH-20260725-MCH-COILING-02-S1,2026-07-25,1,LINE-COIL-01,MCH-COILING-02,SKU-CS-HONDA-02,2026-07-25 00:00:00,2026-07-25 08:00:00,900
SCH-20260725-MCH-COILING-02-S2,2026-07-25,2,LINE-COIL-01,MCH-COILING-02,SKU-CS-HONDA-02,2026-07-25 08:00:00,2026-07-25 16:00:00,900
SCH-20260725-MCH-COILING-02-S3,2026-07-25,3,LINE-COIL-01,MCH-COILING-02,SKU-CS-HONDA-02,2026-07-25 16:00:00,2026-07-26 00:00:00,900
SCH-20260725-MCH-HEATTREAT-01-S1,2026-07-25,1,LINE-SPRING-01,MCH-HEATTREAT-01,SKU-LS-ISUZU-02,2026-07-25 00:00:00,2026-07-25 08:00:00,458
SCH-20260725-MCH-HEATTREAT-01-S2,2026-07-25,2,LINE-SPRING-01,MCH-HEATTREAT-01,SKU-LS-ISUZU-02,2026-07-25 08:00:00,2026-07-25 16:00:00,458
SCH-20260725-MCH-HEATTREAT-01-S3,2026-07-25,3,LINE-SPRING-01,MCH-HEATTREAT-01,SKU-LS-ISUZU-02,2026-07-25 16:00:00,2026-07-26 00:00:00,458
SCH-20260725-MCH-TEMPERING-01-S1,2026-07-25,1,LINE-SPRING-01,MCH-TEMPERING-01,SKU-LS-ISUZU-02,2026-07-25 00:00:00,2026-07-25 08:00:00,458
SCH-20260725-MCH-TEMPERING-01-S2,2026-07-25,2,LINE-SPRING-01,MCH-TEMPERING-01,SKU-LS-ISUZU-02,2026-07-25 08:00:00,2026-07-25 16:00:00,458
SCH-20260725-MCH-TEMPERING-01-S3,2026-07-25,3,LINE-SPRING-01,MCH-TEMPERING-01,SKU-LS-ISUZU-02,2026-07-25 16:00:00,2026-07-26 00:00:00,458
SCH-20260725-MCH-SHOTPEEN-01-S1,2026-07-25,1,LINE-SPRING-01,MCH-SHOTPEEN-01,SKU-LS-ISUZU-02,2026-07-25 00:00:00,2026-07-25 08:00:00,458
SCH-20260725-MCH-SHOTPEEN-01-S2,2026-07-25,2,LINE-SPRING-01,MCH-SHOTPEEN-01,SKU-LS-ISUZU-02,2026-07-25 08:00:00,2026-07-25 16:00:00,458
SCH-20260725-MCH-SHOTPEEN-01-S3,2026-07-25,3,LINE-SPRING-01,MCH-SHOTPEEN-01,SKU-LS-ISUZU-02,2026-07-25 16:00:00,2026-07-26 00:00:00,458
SCH-20260725-MCH-PRESS-01-S1,2026-07-25,1,LINE-SPRING-02,MCH-PRESS-01,SKU-LS-HINO-01,2026-07-25 00:00:00,2026-07-25 08:00:00,560
SCH-20260725-MCH-PRESS-01-S2,2026-07-25,2,LINE-SPRING-02,MCH-PRESS-01,SKU-LS-HINO-01,2026-07-25 08:00:00,2026-07-25 16:00:00,560
SCH-20260725-MCH-PRESS-01-S3,2026-07-25,3,LINE-SPRING-02,MCH-PRESS-01,SKU-LS-HINO-01,2026-07-25 16:00:00,2026-07-26 00:00:00,560
SCH-20260725-MCH-STABILIZER-01-S1,2026-07-25,1,LINE-STABILIZER-01,MCH-STABILIZER-01,SKU-SB-AVANZA-02,2026-07-25 00:00:00,2026-07-25 08:00:00,630
SCH-20260725-MCH-STABILIZER-01-S2,2026-07-25,2,LINE-STABILIZER-01,MCH-STABILIZER-01,SKU-SB-AVANZA-02,2026-07-25 08:00:00,2026-07-25 16:00:00,630
SCH-20260725-MCH-STABILIZER-01-S3,2026-07-25,3,LINE-STABILIZER-01,MCH-STABILIZER-01,SKU-SB-AVANZA-02,2026-07-25 16:00:00,2026-07-26 00:00:00,630
SCH-20260725-MCH-TESTING-01-S1,2026-07-25,1,LINE-COIL-01,MCH-TESTING-01,SKU-LS-ISUZU-02,2026-07-25 00:00:00,2026-07-25 08:00:00,458
SCH-20260725-MCH-TESTING-01-S2,2026-07-25,2,LINE-COIL-01,MCH-TESTING-01,SKU-LS-ISUZU-02,2026-07-25 08:00:00,2026-07-25 16:00:00,458
SCH-20260725-MCH-TESTING-01-S3,2026-07-25,3,LINE-COIL-01,MCH-TESTING-01,SKU-LS-ISUZU-02,2026-07-25 16:00:00,2026-07-26 00:00:00,458
SCH-20260726-MCH-COILING-01-S1,2026-07-26,1,LINE-COIL-01,MCH-COILING-01,SKU-CS-TOYOTA-01,2026-07-26 00:00:00,2026-07-26 08:00:00,840
SCH-20260726-MCH-COILING-01-S2,2026-07-26,2,LINE-COIL-01,MCH-COILING-01,SKU-CS-TOYOTA-01,2026-07-26 08:00:00,2026-07-26 16:00:00,840
SCH-20260726-MCH-COILING-01-S3,2026-07-26,3,LINE-COIL-01,MCH-COILING-01,SKU-CS-TOYOTA-01,2026-07-26 16:00:00,2026-07-27 00:00:00,840
SCH-20260726-MCH-COILING-02-S1,2026-07-26,1,LINE-COIL-01,MCH-COILING-02,SKU-CS-HONDA-02,2026-07-26 00:00:00,2026-07-26 08:00:00,900
SCH-20260726-MCH-COILING-02-S2,2026-07-26,2,LINE-COIL-01,MCH-COILING-02,SKU-CS-HONDA-02,2026-07-26 08:00:00,2026-07-26 16:00:00,900
SCH-20260726-MCH-COILING-02-S3,2026-07-26,3,LINE-COIL-01,MCH-COILING-02,SKU-CS-HONDA-02,2026-07-26 16:00:00,2026-07-27 00:00:00,900
SCH-20260726-MCH-HEATTREAT-01-S1,2026-07-26,1,LINE-SPRING-01,MCH-HEATTREAT-01,SKU-LS-ISUZU-02,2026-07-26 00:00:00,2026-07-26 08:00:00,458
SCH-20260726-MCH-HEATTREAT-01-S2,2026-07-26,2,LINE-SPRING-01,MCH-HEATTREAT-01,SKU-LS-ISUZU-02,2026-07-26 08:00:00,2026-07-26 16:00:00,458
SCH-20260726-MCH-HEATTREAT-01-S3,2026-07-26,3,LINE-SPRING-01,MCH-HEATTREAT-01,SKU-LS-ISUZU-02,2026-07-26 16:00:00,2026-07-27 00:00:00,458
SCH-20260726-MCH-TEMPERING-01-S1,2026-07-26,1,LINE-SPRING-01,MCH-TEMPERING-01,SKU-LS-HINO-01,2026-07-26 00:00:00,2026-07-26 08:00:00,560
SCH-20260726-MCH-TEMPERING-01-S2,2026-07-26,2,LINE-SPRING-01,MCH-TEMPERING-01,SKU-LS-HINO-01,2026-07-26 08:00:00,2026-07-26 16:00:00,560
SCH-20260726-MCH-TEMPERING-01-S3,2026-07-26,3,LINE-SPRING-01,MCH-TEMPERING-01,SKU-LS-HINO-01,2026-07-26 16:00:00,2026-07-27 00:00:00,560
SCH-20260726-MCH-SHOTPEEN-01-S1,2026-07-26,1,LINE-SPRING-01,MCH-SHOTPEEN-01,SKU-LS-ISUZU-02,2026-07-26 00:00:00,2026-07-26 08:00:00,458
SCH-20260726-MCH-SHOTPEEN-01-S2,2026-07-26,2,LINE-SPRING-01,MCH-SHOTPEEN-01,SKU-LS-ISUZU-02,2026-07-26 08:00:00,2026-07-26 16:00:00,458
SCH-20260726-MCH-SHOTPEEN-01-S3,2026-07-26,3,LINE-SPRING-01,MCH-SHOTPEEN-01,SKU-LS-ISUZU-02,2026-07-26 16:00:00,2026-07-27 00:00:00,458
SCH-20260726-MCH-PRESS-01-S1,2026-07-26,1,LINE-SPRING-02,MCH-PRESS-01,SKU-LS-ISUZU-02,2026-07-26 00:00:00,2026-07-26 08:00:00,458
SCH-20260726-MCH-PRESS-01-S2,2026-07-26,2,LINE-SPRING-02,MCH-PRESS-01,SKU-LS-ISUZU-02,2026-07-26 08:00:00,2026-07-26 16:00:00,458
SCH-20260726-MCH-PRESS-01-S3,2026-07-26,3,LINE-SPRING-02,MCH-PRESS-01,SKU-LS-ISUZU-02,2026-07-26 16:00:00,2026-07-27 00:00:00,458
SCH-20260726-MCH-STABILIZER-01-S1,2026-07-26,1,LINE-STABILIZER-01,MCH-STABILIZER-01,SKU-SB-CANTER-01,2026-07-26 00:00:00,2026-07-26 08:00:00,420
SCH-20260726-MCH-STABILIZER-01-S2,2026-07-26,2,LINE-STABILIZER-01,MCH-STABILIZER-01,SKU-SB-CANTER-01,2026-07-26 08:00:00,2026-07-26 16:00:00,420
SCH-20260726-MCH-STABILIZER-01-S3,2026-07-26,3,LINE-STABILIZER-01,MCH-STABILIZER-01,SKU-SB-CANTER-01,2026-07-26 16:00:00,2026-07-27 00:00:00,420
SCH-20260726-MCH-TESTING-01-S1,2026-07-26,1,LINE-COIL-01,MCH-TESTING-01,SKU-LS-ISUZU-02,2026-07-26 00:00:00,2026-07-26 08:00:00,458
SCH-20260726-MCH-TESTING-01-S2,2026-07-26,2,LINE-COIL-01,MCH-TESTING-01,SKU-LS-ISUZU-02,2026-07-26 08:00:00,2026-07-26 16:00:00,458
SCH-20260726-MCH-TESTING-01-S3,2026-07-26,3,LINE-COIL-01,MCH-TESTING-01,SKU-LS-ISUZU-02,2026-07-26 16:00:00,2026-07-27 00:00:00,458
SCH-20260727-MCH-COILING-01-S1,2026-07-27,1,LINE-COIL-01,MCH-COILING-01,SKU-CS-TOYOTA-01,2026-07-27 00:00:00,2026-07-27 08:00:00,840
SCH-20260727-MCH-COILING-01-S2,2026-07-27,2,LINE-COIL-01,MCH-COILING-01,SKU-CS-TOYOTA-01,2026-07-27 08:00:00,2026-07-27 16:00:00,840
SCH-20260727-MCH-COILING-01-S3,2026-07-27,3,LINE-COIL-01,MCH-COILING-01,SKU-CS-TOYOTA-01,2026-07-27 16:00:00,2026-07-28 00:00:00,840
SCH-20260727-MCH-COILING-02-S1,2026-07-27,1,LINE-COIL-01,MCH-COILING-02,SKU-CS-TOYOTA-01,2026-07-27 00:00:00,2026-07-27 08:00:00,840
SCH-20260727-MCH-COILING-02-S2,2026-07-27,2,LINE-COIL-01,MCH-COILING-02,SKU-CS-TOYOTA-01,2026-07-27 08:00:00,2026-07-27 16:00:00,840
SCH-20260727-MCH-COILING-02-S3,2026-07-27,3,LINE-COIL-01,MCH-COILING-02,SKU-CS-TOYOTA-01,2026-07-27 16:00:00,2026-07-28 00:00:00,840
SCH-20260727-MCH-HEATTREAT-01-S1,2026-07-27,1,LINE-SPRING-01,MCH-HEATTREAT-01,SKU-LS-HINO-01,2026-07-27 00:00:00,2026-07-27 08:00:00,560
SCH-20260727-MCH-HEATTREAT-01-S2,2026-07-27,2,LINE-SPRING-01,MCH-HEATTREAT-01,SKU-LS-HINO-01,2026-07-27 08:00:00,2026-07-27 16:00:00,560
SCH-20260727-MCH-HEATTREAT-01-S3,2026-07-27,3,LINE-SPRING-01,MCH-HEATTREAT-01,SKU-LS-HINO-01,2026-07-27 16:00:00,2026-07-28 00:00:00,560
SCH-20260727-MCH-TEMPERING-01-S1,2026-07-27,1,LINE-SPRING-01,MCH-TEMPERING-01,SKU-LS-HINO-01,2026-07-27 00:00:00,2026-07-27 08:00:00,560
SCH-20260727-MCH-TEMPERING-01-S2,2026-07-27,2,LINE-SPRING-01,MCH-TEMPERING-01,SKU-LS-HINO-01,2026-07-27 08:00:00,2026-07-27 16:00:00,560
SCH-20260727-MCH-TEMPERING-01-S3,2026-07-27,3,LINE-SPRING-01,MCH-TEMPERING-01,SKU-LS-HINO-01,2026-07-27 16:00:00,2026-07-28 00:00:00,560
SCH-20260727-MCH-SHOTPEEN-01-S1,2026-07-27,1,LINE-SPRING-01,MCH-SHOTPEEN-01,SKU-LS-HINO-01,2026-07-27 00:00:00,2026-07-27 08:00:00,560
SCH-20260727-MCH-SHOTPEEN-01-S2,2026-07-27,2,LINE-SPRING-01,MCH-SHOTPEEN-01,SKU-LS-HINO-01,2026-07-27 08:00:00,2026-07-27 16:00:00,560
SCH-20260727-MCH-SHOTPEEN-01-S3,2026-07-27,3,LINE-SPRING-01,MCH-SHOTPEEN-01,SKU-LS-HINO-01,2026-07-27 16:00:00,2026-07-28 00:00:00,560
SCH-20260727-MCH-PRESS-01-S1,2026-07-27,1,LINE-SPRING-02,MCH-PRESS-01,SKU-LS-ISUZU-02,2026-07-27 00:00:00,2026-07-27 08:00:00,458
SCH-20260727-MCH-PRESS-01-S2,2026-07-27,2,LINE-SPRING-02,MCH-PRESS-01,SKU-LS-ISUZU-02,2026-07-27 08:00:00,2026-07-27 16:00:00,458
SCH-20260727-MCH-PRESS-01-S3,2026-07-27,3,LINE-SPRING-02,MCH-PRESS-01,SKU-LS-ISUZU-02,2026-07-27 16:00:00,2026-07-28 00:00:00,458
SCH-20260727-MCH-STABILIZER-01-S1,2026-07-27,1,LINE-STABILIZER-01,MCH-STABILIZER-01,SKU-SB-AVANZA-02,2026-07-27 00:00:00,2026-07-27 08:00:00,630
SCH-20260727-MCH-STABILIZER-01-S2,2026-07-27,2,LINE-STABILIZER-01,MCH-STABILIZER-01,SKU-SB-AVANZA-02,2026-07-27 08:00:00,2026-07-27 16:00:00,630
SCH-20260727-MCH-STABILIZER-01-S3,2026-07-27,3,LINE-STABILIZER-01,MCH-STABILIZER-01,SKU-SB-AVANZA-02,2026-07-27 16:00:00,2026-07-28 00:00:00,630
SCH-20260727-MCH-TESTING-01-S1,2026-07-27,1,LINE-COIL-01,MCH-TESTING-01,SKU-LS-HINO-01,2026-07-27 00:00:00,2026-07-27 08:00:00,560
SCH-20260727-MCH-TESTING-01-S2,2026-07-27,2,LINE-COIL-01,MCH-TESTING-01,SKU-LS-HINO-01,2026-07-27 08:00:00,2026-07-27 16:00:00,560
SCH-20260727-MCH-TESTING-01-S3,2026-07-27,3,LINE-COIL-01,MCH-TESTING-01,SKU-LS-HINO-01,2026-07-27 16:00:00,2026-07-28 00:00:00,560
SCH-20260728-MCH-COILING-01-S1,2026-07-28,1,LINE-COIL-01,MCH-COILING-01,SKU-CS-TOYOTA-01,2026-07-28 00:00:00,2026-07-28 08:00:00,840
SCH-20260728-MCH-COILING-01-S2,2026-07-28,2,LINE-COIL-01,MCH-COILING-01,SKU-CS-TOYOTA-01,2026-07-28 08:00:00,2026-07-28 16:00:00,840
SCH-20260728-MCH-COILING-01-S3,2026-07-28,3,LINE-COIL-01,MCH-COILING-01,SKU-CS-TOYOTA-01,2026-07-28 16:00:00,2026-07-29 00:00:00,840
SCH-20260728-MCH-COILING-02-S1,2026-07-28,1,LINE-COIL-01,MCH-COILING-02,SKU-CS-TOYOTA-01,2026-07-28 00:00:00,2026-07-28 08:00:00,840
SCH-20260728-MCH-COILING-02-S2,2026-07-28,2,LINE-COIL-01,MCH-COILING-02,SKU-CS-TOYOTA-01,2026-07-28 08:00:00,2026-07-28 16:00:00,840
SCH-20260728-MCH-COILING-02-S3,2026-07-28,3,LINE-COIL-01,MCH-COILING-02,SKU-CS-TOYOTA-01,2026-07-28 16:00:00,2026-07-29 00:00:00,840
SCH-20260728-MCH-HEATTREAT-01-S1,2026-07-28,1,LINE-SPRING-01,MCH-HEATTREAT-01,SKU-LS-ISUZU-02,2026-07-28 00:00:00,2026-07-28 08:00:00,458
SCH-20260728-MCH-HEATTREAT-01-S2,2026-07-28,2,LINE-SPRING-01,MCH-HEATTREAT-01,SKU-LS-ISUZU-02,2026-07-28 08:00:00,2026-07-28 16:00:00,458
SCH-20260728-MCH-HEATTREAT-01-S3,2026-07-28,3,LINE-SPRING-01,MCH-HEATTREAT-01,SKU-LS-ISUZU-02,2026-07-28 16:00:00,2026-07-29 00:00:00,458
SCH-20260728-MCH-TEMPERING-01-S1,2026-07-28,1,LINE-SPRING-01,MCH-TEMPERING-01,SKU-LS-ISUZU-02,2026-07-28 00:00:00,2026-07-28 08:00:00,458
SCH-20260728-MCH-TEMPERING-01-S2,2026-07-28,2,LINE-SPRING-01,MCH-TEMPERING-01,SKU-LS-ISUZU-02,2026-07-28 08:00:00,2026-07-28 16:00:00,458
SCH-20260728-MCH-TEMPERING-01-S3,2026-07-28,3,LINE-SPRING-01,MCH-TEMPERING-01,SKU-LS-ISUZU-02,2026-07-28 16:00:00,2026-07-29 00:00:00,458
SCH-20260728-MCH-SHOTPEEN-01-S1,2026-07-28,1,LINE-SPRING-01,MCH-SHOTPEEN-01,SKU-LS-HINO-01,2026-07-28 00:00:00,2026-07-28 08:00:00,560
SCH-20260728-MCH-SHOTPEEN-01-S2,2026-07-28,2,LINE-SPRING-01,MCH-SHOTPEEN-01,SKU-LS-HINO-01,2026-07-28 08:00:00,2026-07-28 16:00:00,560
SCH-20260728-MCH-SHOTPEEN-01-S3,2026-07-28,3,LINE-SPRING-01,MCH-SHOTPEEN-01,SKU-LS-HINO-01,2026-07-28 16:00:00,2026-07-29 00:00:00,560
SCH-20260728-MCH-PRESS-01-S1,2026-07-28,1,LINE-SPRING-02,MCH-PRESS-01,SKU-LS-ISUZU-02,2026-07-28 00:00:00,2026-07-28 08:00:00,458
SCH-20260728-MCH-PRESS-01-S2,2026-07-28,2,LINE-SPRING-02,MCH-PRESS-01,SKU-LS-ISUZU-02,2026-07-28 08:00:00,2026-07-28 16:00:00,458
SCH-20260728-MCH-PRESS-01-S3,2026-07-28,3,LINE-SPRING-02,MCH-PRESS-01,SKU-LS-ISUZU-02,2026-07-28 16:00:00,2026-07-29 00:00:00,458
SCH-20260728-MCH-STABILIZER-01-S1,2026-07-28,1,LINE-STABILIZER-01,MCH-STABILIZER-01,SKU-SB-CANTER-01,2026-07-28 00:00:00,2026-07-28 08:00:00,420
SCH-20260728-MCH-STABILIZER-01-S2,2026-07-28,2,LINE-STABILIZER-01,MCH-STABILIZER-01,SKU-SB-CANTER-01,2026-07-28 08:00:00,2026-07-28 16:00:00,420
SCH-20260728-MCH-STABILIZER-01-S3,2026-07-28,3,LINE-STABILIZER-01,MCH-STABILIZER-01,SKU-SB-CANTER-01,2026-07-28 16:00:00,2026-07-29 00:00:00,420
SCH-20260728-MCH-TESTING-01-S1,2026-07-28,1,LINE-COIL-01,MCH-TESTING-01,SKU-LS-HINO-01,2026-07-28 00:00:00,2026-07-28 08:00:00,560
SCH-20260728-MCH-TESTING-01-S2,2026-07-28,2,LINE-COIL-01,MCH-TESTING-01,SKU-LS-HINO-01,2026-07-28 08:00:00,2026-07-28 16:00:00,560
SCH-20260728-MCH-TESTING-01-S3,2026-07-28,3,LINE-COIL-01,MCH-TESTING-01,SKU-LS-HINO-01,2026-07-28 16:00:00,2026-07-29 00:00:00,560
SCH-20260729-MCH-COILING-01-S1,2026-07-29,1,LINE-COIL-01,MCH-COILING-01,SKU-CS-HONDA-02,2026-07-29 00:00:00,2026-07-29 08:00:00,900
SCH-20260729-MCH-COILING-01-S2,2026-07-29,2,LINE-COIL-01,MCH-COILING-01,SKU-CS-HONDA-02,2026-07-29 08:00:00,2026-07-29 16:00:00,900
SCH-20260729-MCH-COILING-01-S3,2026-07-29,3,LINE-COIL-01,MCH-COILING-01,SKU-CS-HONDA-02,2026-07-29 16:00:00,2026-07-30 00:00:00,900
SCH-20260729-MCH-COILING-02-S1,2026-07-29,1,LINE-COIL-01,MCH-COILING-02,SKU-CS-HONDA-02,2026-07-29 00:00:00,2026-07-29 08:00:00,900
SCH-20260729-MCH-COILING-02-S2,2026-07-29,2,LINE-COIL-01,MCH-COILING-02,SKU-CS-HONDA-02,2026-07-29 08:00:00,2026-07-29 16:00:00,900
SCH-20260729-MCH-COILING-02-S3,2026-07-29,3,LINE-COIL-01,MCH-COILING-02,SKU-CS-HONDA-02,2026-07-29 16:00:00,2026-07-30 00:00:00,900
SCH-20260729-MCH-HEATTREAT-01-S1,2026-07-29,1,LINE-SPRING-01,MCH-HEATTREAT-01,SKU-LS-HINO-01,2026-07-29 00:00:00,2026-07-29 08:00:00,560
SCH-20260729-MCH-HEATTREAT-01-S2,2026-07-29,2,LINE-SPRING-01,MCH-HEATTREAT-01,SKU-LS-HINO-01,2026-07-29 08:00:00,2026-07-29 16:00:00,560
SCH-20260729-MCH-HEATTREAT-01-S3,2026-07-29,3,LINE-SPRING-01,MCH-HEATTREAT-01,SKU-LS-HINO-01,2026-07-29 16:00:00,2026-07-30 00:00:00,560
SCH-20260729-MCH-TEMPERING-01-S1,2026-07-29,1,LINE-SPRING-01,MCH-TEMPERING-01,SKU-LS-HINO-01,2026-07-29 00:00:00,2026-07-29 08:00:00,560
SCH-20260729-MCH-TEMPERING-01-S2,2026-07-29,2,LINE-SPRING-01,MCH-TEMPERING-01,SKU-LS-HINO-01,2026-07-29 08:00:00,2026-07-29 16:00:00,560
SCH-20260729-MCH-TEMPERING-01-S3,2026-07-29,3,LINE-SPRING-01,MCH-TEMPERING-01,SKU-LS-HINO-01,2026-07-29 16:00:00,2026-07-30 00:00:00,560
SCH-20260729-MCH-SHOTPEEN-01-S1,2026-07-29,1,LINE-SPRING-01,MCH-SHOTPEEN-01,SKU-LS-ISUZU-02,2026-07-29 00:00:00,2026-07-29 08:00:00,458
SCH-20260729-MCH-SHOTPEEN-01-S2,2026-07-29,2,LINE-SPRING-01,MCH-SHOTPEEN-01,SKU-LS-ISUZU-02,2026-07-29 08:00:00,2026-07-29 16:00:00,458
SCH-20260729-MCH-SHOTPEEN-01-S3,2026-07-29,3,LINE-SPRING-01,MCH-SHOTPEEN-01,SKU-LS-ISUZU-02,2026-07-29 16:00:00,2026-07-30 00:00:00,458
SCH-20260729-MCH-PRESS-01-S1,2026-07-29,1,LINE-SPRING-02,MCH-PRESS-01,SKU-LS-HINO-01,2026-07-29 00:00:00,2026-07-29 08:00:00,560
SCH-20260729-MCH-PRESS-01-S2,2026-07-29,2,LINE-SPRING-02,MCH-PRESS-01,SKU-LS-HINO-01,2026-07-29 08:00:00,2026-07-29 16:00:00,560
SCH-20260729-MCH-PRESS-01-S3,2026-07-29,3,LINE-SPRING-02,MCH-PRESS-01,SKU-LS-HINO-01,2026-07-29 16:00:00,2026-07-30 00:00:00,560
SCH-20260729-MCH-STABILIZER-01-S1,2026-07-29,1,LINE-STABILIZER-01,MCH-STABILIZER-01,SKU-SB-AVANZA-02,2026-07-29 00:00:00,2026-07-29 08:00:00,630
SCH-20260729-MCH-STABILIZER-01-S2,2026-07-29,2,LINE-STABILIZER-01,MCH-STABILIZER-01,SKU-SB-AVANZA-02,2026-07-29 08:00:00,2026-07-29 16:00:00,630
SCH-20260729-MCH-STABILIZER-01-S3,2026-07-29,3,LINE-STABILIZER-01,MCH-STABILIZER-01,SKU-SB-AVANZA-02,2026-07-29 16:00:00,2026-07-30 00:00:00,630
SCH-20260729-MCH-TESTING-01-S1,2026-07-29,1,LINE-COIL-01,MCH-TESTING-01,SKU-LS-HINO-01,2026-07-29 00:00:00,2026-07-29 08:00:00,560
SCH-20260729-MCH-TESTING-01-S2,2026-07-29,2,LINE-COIL-01,MCH-TESTING-01,SKU-LS-HINO-01,2026-07-29 08:00:00,2026-07-29 16:00:00,560
SCH-20260729-MCH-TESTING-01-S3,2026-07-29,3,LINE-COIL-01,MCH-TESTING-01,SKU-LS-HINO-01,2026-07-29 16:00:00,2026-07-30 00:00:00,560
SCH-20260730-MCH-COILING-01-S1,2026-07-30,1,LINE-COIL-01,MCH-COILING-01,SKU-CS-HONDA-02,2026-07-30 00:00:00,2026-07-30 08:00:00,900
SCH-20260730-MCH-COILING-01-S2,2026-07-30,2,LINE-COIL-01,MCH-COILING-01,SKU-CS-HONDA-02,2026-07-30 08:00:00,2026-07-30 16:00:00,900
SCH-20260730-MCH-COILING-01-S3,2026-07-30,3,LINE-COIL-01,MCH-COILING-01,SKU-CS-HONDA-02,2026-07-30 16:00:00,2026-07-31 00:00:00,900
SCH-20260730-MCH-COILING-02-S1,2026-07-30,1,LINE-COIL-01,MCH-COILING-02,SKU-CS-TOYOTA-01,2026-07-30 00:00:00,2026-07-30 08:00:00,840
SCH-20260730-MCH-COILING-02-S2,2026-07-30,2,LINE-COIL-01,MCH-COILING-02,SKU-CS-TOYOTA-01,2026-07-30 08:00:00,2026-07-30 16:00:00,840
SCH-20260730-MCH-COILING-02-S3,2026-07-30,3,LINE-COIL-01,MCH-COILING-02,SKU-CS-TOYOTA-01,2026-07-30 16:00:00,2026-07-31 00:00:00,840
SCH-20260730-MCH-HEATTREAT-01-S1,2026-07-30,1,LINE-SPRING-01,MCH-HEATTREAT-01,SKU-LS-ISUZU-02,2026-07-30 00:00:00,2026-07-30 08:00:00,458
SCH-20260730-MCH-HEATTREAT-01-S2,2026-07-30,2,LINE-SPRING-01,MCH-HEATTREAT-01,SKU-LS-ISUZU-02,2026-07-30 08:00:00,2026-07-30 16:00:00,458
SCH-20260730-MCH-HEATTREAT-01-S3,2026-07-30,3,LINE-SPRING-01,MCH-HEATTREAT-01,SKU-LS-ISUZU-02,2026-07-30 16:00:00,2026-07-31 00:00:00,458
SCH-20260730-MCH-TEMPERING-01-S1,2026-07-30,1,LINE-SPRING-01,MCH-TEMPERING-01,SKU-LS-ISUZU-02,2026-07-30 00:00:00,2026-07-30 08:00:00,458
SCH-20260730-MCH-TEMPERING-01-S2,2026-07-30,2,LINE-SPRING-01,MCH-TEMPERING-01,SKU-LS-ISUZU-02,2026-07-30 08:00:00,2026-07-30 16:00:00,458
SCH-20260730-MCH-TEMPERING-01-S3,2026-07-30,3,LINE-SPRING-01,MCH-TEMPERING-01,SKU-LS-ISUZU-02,2026-07-30 16:00:00,2026-07-31 00:00:00,458
SCH-20260730-MCH-SHOTPEEN-01-S1,2026-07-30,1,LINE-SPRING-01,MCH-SHOTPEEN-01,SKU-LS-ISUZU-02,2026-07-30 00:00:00,2026-07-30 08:00:00,458
SCH-20260730-MCH-SHOTPEEN-01-S2,2026-07-30,2,LINE-SPRING-01,MCH-SHOTPEEN-01,SKU-LS-ISUZU-02,2026-07-30 08:00:00,2026-07-30 16:00:00,458
SCH-20260730-MCH-SHOTPEEN-01-S3,2026-07-30,3,LINE-SPRING-01,MCH-SHOTPEEN-01,SKU-LS-ISUZU-02,2026-07-30 16:00:00,2026-07-31 00:00:00,458
SCH-20260730-MCH-PRESS-01-S1,2026-07-30,1,LINE-SPRING-02,MCH-PRESS-01,SKU-LS-ISUZU-02,2026-07-30 00:00:00,2026-07-30 08:00:00,458
SCH-20260730-MCH-PRESS-01-S2,2026-07-30,2,LINE-SPRING-02,MCH-PRESS-01,SKU-LS-ISUZU-02,2026-07-30 08:00:00,2026-07-30 16:00:00,458
SCH-20260730-MCH-PRESS-01-S3,2026-07-30,3,LINE-SPRING-02,MCH-PRESS-01,SKU-LS-ISUZU-02,2026-07-30 16:00:00,2026-07-31 00:00:00,458
SCH-20260730-MCH-STABILIZER-01-S1,2026-07-30,1,LINE-STABILIZER-01,MCH-STABILIZER-01,SKU-SB-CANTER-01,2026-07-30 00:00:00,2026-07-30 08:00:00,420
SCH-20260730-MCH-STABILIZER-01-S2,2026-07-30,2,LINE-STABILIZER-01,MCH-STABILIZER-01,SKU-SB-CANTER-01,2026-07-30 08:00:00,2026-07-30 16:00:00,420
SCH-20260730-MCH-STABILIZER-01-S3,2026-07-30,3,LINE-STABILIZER-01,MCH-STABILIZER-01,SKU-SB-CANTER-01,2026-07-30 16:00:00,2026-07-31 00:00:00,420
SCH-20260730-MCH-TESTING-01-S1,2026-07-30,1,LINE-COIL-01,MCH-TESTING-01,SKU-LS-ISUZU-02,2026-07-30 00:00:00,2026-07-30 08:00:00,458
SCH-20260730-MCH-TESTING-01-S2,2026-07-30,2,LINE-COIL-01,MCH-TESTING-01,SKU-LS-ISUZU-02,2026-07-30 08:00:00,2026-07-30 16:00:00,458
SCH-20260730-MCH-TESTING-01-S3,2026-07-30,3,LINE-COIL-01,MCH-TESTING-01,SKU-LS-ISUZU-02,2026-07-30 16:00:00,2026-07-31 00:00:00,458
