inspection_id,machine_id,sku_id,inspection_time,total_inspected_qty,good_qty,reject_qty,rework_qty,defect_reason_category
QC-7001,MCH-COILING-01,SKU-CS-HONDA-02,2026-07-01 08:00:00,943,931,12,3,Surface Micro-Crack Defect
QC-7002,MCH-COILING-01,SKU-CS-HONDA-02,2026-07-01 16:00:00,985,963,22,9,Free Height Dimension Out-of-Spec
QC-7003,MCH-COILING-01,SKU-CS-HONDA-02,2026-07-02 00:00:00,906,882,24,9,Free Height Dimension Out-of-Spec
QC-7004,MCH-COILING-02,SKU-CS-TOYOTA-01,2026-07-01 08:00:00,881,860,21,8,Quenching Hardness Non-Conforming
QC-7005,MCH-COILING-02,SKU-CS-TOYOTA-01,2026-07-01 16:00:00,945,928,17,4,Shot Peening Surface Roughness Fail
QC-7006,MCH-COILING-02,SKU-CS-TOYOTA-01,2026-07-02 00:00:00,880,862,18,8,Bending Angle Angular Deviation
QC-7007,MCH-HEATTREAT-01,SKU-LS-HINO-01,2026-07-01 08:00:00,601,582,19,6,Free Height Dimension Out-of-Spec
QC-7008,MCH-HEATTREAT-01,SKU-LS-HINO-01,2026-07-01 16:00:00,583,565,18,4,Free Height Dimension Out-of-Spec
QC-7009,MCH-HEATTREAT-01,SKU-LS-HINO-01,2026-07-02 00:00:00,618,597,21,7,Shot Peening Surface Roughness Fail
QC-7010,MCH-TEMPERING-01,SKU-LS-HINO-01,2026-07-01 08:00:00,562,532,30,8,Free Height Dimension Out-of-Spec
QC-7011,MCH-TEMPERING-01,SKU-LS-HINO-01,2026-07-01 16:00:00,567,557,10,3,Free Height Dimension Out-of-Spec
QC-7012,MCH-TEMPERING-01,SKU-LS-HINO-01,2026-07-02 00:00:00,594,576,18,6,Free Height Dimension Out-of-Spec
QC-7013,MCH-SHOTPEEN-01,SKU-LS-HINO-01,2026-07-01 08:00:00,564,550,14,4,Quenching Hardness Non-Conforming
QC-7014,MCH-SHOTPEEN-01,SKU-LS-HINO-01,2026-07-01 16:00:00,620,612,8,3,Quenching Hardness Non-Conforming
QC-7015,MCH-SHOTPEEN-01,SKU-LS-HINO-01,2026-07-02 00:00:00,581,550,31,10,Shot Peening Surface Roughness Fail
QC-7016,MCH-PRESS-01,SKU-LS-HINO-01,2026-07-01 08:00:00,635,620,15,6,Free Height Dimension Out-of-Spec
QC-7017,MCH-PRESS-01,SKU-LS-HINO-01,2026-07-01 16:00:00,592,580,12,5,Bending Angle Angular Deviation
QC-7018,MCH-PRESS-01,SKU-LS-HINO-01,2026-07-02 00:00:00,585,553,32,8,Quenching Hardness Non-Conforming
QC-7019,MCH-STABILIZER-01,SKU-SB-CANTER-01,2026-07-01 08:00:00,478,465,13,3,Free Height Dimension Out-of-Spec
QC-7020,MCH-STABILIZER-01,SKU-SB-CANTER-01,2026-07-01 16:00:00,472,462,10,3,Quenching Hardness Non-Conforming
QC-7021,MCH-STABILIZER-01,SKU-SB-CANTER-01,2026-07-02 00:00:00,402,380,22,10,Quenching Hardness Non-Conforming
QC-7022,MCH-TESTING-01,SKU-LS-HINO-01,2026-07-01 08:00:00,626,616,10,3,Bending Angle Angular Deviation
QC-7023,MCH-TESTING-01,SKU-LS-HINO-01,2026-07-01 16:00:00,573,566,7,3,Shot Peening Surface Roughness Fail
QC-7024,MCH-TESTING-01,SKU-LS-HINO-01,2026-07-02 00:00:00,599,567,32,13,Free Height Dimension Out-of-Spec
QC-7025,MCH-COILING-01,SKU-CS-HONDA-02,2026-07-02 08:00:00,958,945,13,5,Quenching Hardness Non-Conforming
QC-7026,MCH-COILING-01,SKU-CS-HONDA-02,2026-07-02 16:00:00,940,889,51,15,Shot Peening Surface Roughness Fail
QC-7027,MCH-COILING-01,SKU-CS-HONDA-02,2026-07-03 00:00:00,935,923,12,2,Bending Angle Angular Deviation
QC-7028,MCH-COILING-02,SKU-CS-HONDA-02,2026-07-02 08:00:00,942,929,13,4,Surface Micro-Crack Defect
QC-7029,MCH-COILING-02,SKU-CS-HONDA-02,2026-07-02 16:00:00,968,950,18,4,Shot Peening Surface Roughness Fail
QC-7030,MCH-COILING-02,SKU-CS-HONDA-02,2026-07-03 00:00:00,860,813,47,13,Quenching Hardness Non-Conforming
QC-7031,MCH-HEATTREAT-01,SKU-LS-HINO-01,2026-07-02 08:00:00,632,617,15,6,Surface Micro-Crack Defect
QC-7032,MCH-HEATTREAT-01,SKU-LS-HINO-01,2026-07-02 16:00:00,398,377,21,10,Bending Angle Angular Deviation
QC-7033,MCH-HEATTREAT-01,SKU-LS-HINO-01,2026-07-03 00:00:00,576,566,10,3,Shot Peening Surface Roughness Fail
QC-7034,MCH-TEMPERING-01,SKU-LS-HINO-01,2026-07-02 08:00:00,624,615,9,3,Quenching Hardness Non-Conforming
QC-7035,MCH-TEMPERING-01,SKU-LS-HINO-01,2026-07-02 16:00:00,585,574,11,5,Free Height Dimension Out-of-Spec
QC-7036,MCH-TEMPERING-01,SKU-LS-HINO-01,2026-07-03 00:00:00,634,618,16,6,Quenching Hardness Non-Conforming
QC-7037,MCH-SHOTPEEN-01,SKU-LS-HINO-01,2026-07-02 08:00:00,598,582,16,7,Shot Peening Surface Roughness Fail
QC-7038,MCH-SHOTPEEN-01,SKU-LS-HINO-01,2026-07-02 16:00:00,614,601,13,5,Surface Micro-Crack Defect
QC-7039,MCH-SHOTPEEN-01,SKU-LS-HINO-01,2026-07-03 00:00:00,610,603,7,2,Surface Micro-Crack Defect
QC-7040,MCH-PRESS-01,SKU-LS-HINO-01,2026-07-02 08:00:00,602,590,12,4,Quenching Hardness Non-Conforming
QC-7041,MCH-PRESS-01,SKU-LS-HINO-01,2026-07-02 16:00:00,588,577,11,3,Free Height Dimension Out-of-Spec
QC-7042,MCH-PRESS-01,SKU-LS-HINO-01,2026-07-03 00:00:00,570,553,17,8,Quenching Hardness Non-Conforming
QC-7043,MCH-STABILIZER-01,SKU-SB-CANTER-01,2026-07-02 08:00:00,447,438,9,4,Bending Angle Angular Deviation
QC-7044,MCH-STABILIZER-01,SKU-SB-CANTER-01,2026-07-02 16:00:00,434,423,11,2,Quenching Hardness Non-Conforming
QC-7045,MCH-STABILIZER-01,SKU-SB-CANTER-01,2026-07-03 00:00:00,428,414,14,5,Free Height Dimension Out-of-Spec
QC-7046,MCH-TESTING-01,SKU-LS-ISUZU-02,2026-07-02 08:00:00,506,493,13,5,Free Height Dimension Out-of-Spec
QC-7047,MCH-TESTING-01,SKU-LS-ISUZU-02,2026-07-02 16:00:00,506,496,10,4,Free Height Dimension Out-of-Spec
QC-7048,MCH-TESTING-01,SKU-LS-ISUZU-02,2026-07-03 00:00:00,463,451,12,4,Bending Angle Angular Deviation
QC-7049,MCH-COILING-01,SKU-CS-TOYOTA-01,2026-07-03 08:00:00,931,904,27,11,Shot Peening Surface Roughness Fail
QC-7050,MCH-COILING-01,SKU-CS-TOYOTA-01,2026-07-03 16:00:00,957,938,19,4,Surface Micro-Crack Defect
QC-7051,MCH-COILING-01,SKU-CS-TOYOTA-01,2026-07-04 00:00:00,939,922,17,7,Surface Micro-Crack Defect
QC-7052,MCH-COILING-02,SKU-CS-HONDA-02,2026-07-03 08:00:00,957,936,21,5,Quenching Hardness Non-Conforming
QC-7053,MCH-COILING-02,SKU-CS-HONDA-02,2026-07-03 16:00:00,960,931,29,8,Surface Micro-Crack Defect
QC-7054,MCH-COILING-02,SKU-CS-HONDA-02,2026-07-04 00:00:00,923,900,23,6,Shot Peening Surface Roughness Fail
QC-7055,MCH-HEATTREAT-01,SKU-LS-HINO-01,2026-07-03 08:00:00,587,572,15,7,Free Height Dimension Out-of-Spec
QC-7056,MCH-HEATTREAT-01,SKU-LS-HINO-01,2026-07-03 16:00:00,615,595,20,5,Shot Peening Surface Roughness Fail
QC-7057,MCH-HEATTREAT-01,SKU-LS-HINO-01,2026-07-04 00:00:00,587,568,19,4,Surface Micro-Crack Defect
QC-7058,MCH-TEMPERING-01,SKU-LS-HINO-01,2026-07-03 08:00:00,607,591,16,4,Free Height Dimension Out-of-Spec
QC-7059,MCH-TEMPERING-01,SKU-LS-HINO-01,2026-07-03 16:00:00,645,623,22,7,Bending Angle Angular Deviation
QC-7060,MCH-TEMPERING-01,SKU-LS-HINO-01,2026-07-04 00:00:00,553,542,11,2,Surface Micro-Crack Defect
QC-7061,MCH-SHOTPEEN-01,SKU-LS-HINO-01,2026-07-03 08:00:00,600,586,14,5,Bending Angle Angular Deviation
QC-7062,MCH-SHOTPEEN-01,SKU-LS-HINO-01,2026-07-03 16:00:00,641,632,9,2,Shot Peening Surface Roughness Fail
QC-7063,MCH-SHOTPEEN-01,SKU-LS-HINO-01,2026-07-04 00:00:00,615,602,13,5,Shot Peening Surface Roughness Fail
QC-7064,MCH-PRESS-01,SKU-LS-HINO-01,2026-07-03 08:00:00,607,574,33,15,Free Height Dimension Out-of-Spec
QC-7065,MCH-PRESS-01,SKU-LS-HINO-01,2026-07-03 16:00:00,582,569,13,3,Quenching Hardness Non-Conforming
QC-7066,MCH-PRESS-01,SKU-LS-HINO-01,2026-07-04 00:00:00,608,597,11,4,Quenching Hardness Non-Conforming
QC-7067,MCH-STABILIZER-01,SKU-SB-CANTER-01,2026-07-03 08:00:00,426,419,7,1,Free Height Dimension Out-of-Spec
QC-7068,MCH-STABILIZER-01,SKU-SB-CANTER-01,2026-07-03 16:00:00,435,424,11,2,Bending Angle Angular Deviation
QC-7069,MCH-STABILIZER-01,SKU-SB-CANTER-01,2026-07-04 00:00:00,443,434,9,1,Free Height Dimension Out-of-Spec
QC-7070,MCH-TESTING-01,SKU-LS-HINO-01,2026-07-03 08:00:00,595,577,18,6,Surface Micro-Crack Defect
QC-7071,MCH-TESTING-01,SKU-LS-HINO-01,2026-07-03 16:00:00,629,609,20,7,Surface Micro-Crack Defect
QC-7072,MCH-TESTING-01,SKU-LS-HINO-01,2026-07-04 00:00:00,585,574,11,4,Shot Peening Surface Roughness Fail
QC-7073,MCH-COILING-01,SKU-CS-HONDA-02,2026-07-04 08:00:00,1052,1040,12,5,Free Height Dimension Out-of-Spec
QC-7074,MCH-COILING-01,SKU-CS-HONDA-02,2026-07-04 16:00:00,1000,975,25,6,Quenching Hardness Non-Conforming
QC-7075,MCH-COILING-01,SKU-CS-HONDA-02,2026-07-05 00:00:00,934,916,18,8,Free Height Dimension Out-of-Spec
QC-7076,MCH-COILING-02,SKU-CS-HONDA-02,2026-07-04 08:00:00,1022,989,33,14,Quenching Hardness Non-Conforming
QC-7077,MCH-COILING-02,SKU-CS-HONDA-02,2026-07-04 16:00:00,1028,999,29,10,Free Height Dimension Out-of-Spec
QC-7078,MCH-COILING-02,SKU-CS-HONDA-02,2026-07-05 00:00:00,866,819,47,20,Shot Peening Surface Roughness Fail
QC-7079,MCH-HEATTREAT-01,SKU-LS-HINO-01,2026-07-04 08:00:00,529,500,29,6,Shot Peening Surface Roughness Fail
QC-7080,MCH-HEATTREAT-01,SKU-LS-HINO-01,2026-07-04 16:00:00,581,573,8,3,Quenching Hardness Non-Conforming
QC-7081,MCH-HEATTREAT-01,SKU-LS-HINO-01,2026-07-05 00:00:00,586,569,17,7,Free Height Dimension Out-of-Spec
QC-7082,MCH-TEMPERING-01,SKU-LS-ISUZU-02,2026-07-04 08:00:00,501,493,8,3,Surface Micro-Crack Defect
QC-7083,MCH-TEMPERING-01,SKU-LS-ISUZU-02,2026-07-04 16:00:00,535,528,7,2,Bending Angle Angular Deviation
QC-7084,MCH-TEMPERING-01,SKU-LS-ISUZU-02,2026-07-05 00:00:00,489,463,26,7,Free Height Dimension Out-of-Spec
QC-7085,MCH-SHOTPEEN-01,SKU-LS-ISUZU-02,2026-07-04 08:00:00,526,520,6,1,Surface Micro-Crack Defect
QC-7086,MCH-SHOTPEEN-01,SKU-LS-ISUZU-02,2026-07-04 16:00:00,464,459,5,1,Free Height Dimension Out-of-Spec
QC-7087,MCH-SHOTPEEN-01,SKU-LS-ISUZU-02,2026-07-05 00:00:00,495,481,14,4,Surface Micro-Crack Defect
QC-7088,MCH-PRESS-01,SKU-LS-HINO-01,2026-07-04 08:00:00,577,561,16,5,Bending Angle Angular Deviation
QC-7089,MCH-PRESS-01,SKU-LS-HINO-01,2026-07-04 16:00:00,640,623,17,3,Free Height Dimension Out-of-Spec
QC-7090,MCH-PRESS-01,SKU-LS-HINO-01,2026-07-05 00:00:00,544,515,29,11,Surface Micro-Crack Defect
QC-7091,MCH-STABILIZER-01,SKU-SB-CANTER-01,2026-07-04 08:00:00,452,442,10,4,Bending Angle Angular Deviation
QC-7092,MCH-STABILIZER-01,SKU-SB-CANTER-01,2026-07-04 16:00:00,410,388,22,8,Shot Peening Surface Roughness Fail
QC-7093,MCH-STABILIZER-01,SKU-SB-CANTER-01,2026-07-05 00:00:00,438,426,12,4,Bending Angle Angular Deviation
QC-7094,MCH-TESTING-01,SKU-LS-HINO-01,2026-07-04 08:00:00,639,620,19,8,Shot Peening Surface Roughness Fail
QC-7095,MCH-TESTING-01,SKU-LS-HINO-01,2026-07-04 16:00:00,527,499,28,12,Quenching Hardness Non-Conforming
QC-7096,MCH-TESTING-01,SKU-LS-HINO-01,2026-07-05 00:00:00,616,605,11,3,Shot Peening Surface Roughness Fail
QC-7097,MCH-COILING-01,SKU-CS-TOYOTA-01,2026-07-05 08:00:00,939,920,19,4,Free Height Dimension Out-of-Spec
QC-7098,MCH-COILING-01,SKU-CS-TOYOTA-01,2026-07-05 16:00:00,984,955,29,10,Bending Angle Angular Deviation
QC-7099,MCH-COILING-01,SKU-CS-TOYOTA-01,2026-07-06 00:00:00,819,774,45,21,Quenching Hardness Non-Conforming
QC-7100,MCH-COILING-02,SKU-CS-TOYOTA-01,2026-07-05 08:00:00,967,945,22,6,Shot Peening Surface Roughness Fail
QC-7101,MCH-COILING-02,SKU-CS-TOYOTA-01,2026-07-05 16:00:00,863,844,19,4,Bending Angle Angular Deviation
QC-7102,MCH-COILING-02,SKU-CS-TOYOTA-01,2026-07-06 00:00:00,855,836,19,6,Surface Micro-Crack Defect
QC-7103,MCH-HEATTREAT-01,SKU-LS-ISUZU-02,2026-07-05 08:00:00,511,496,15,7,Shot Peening Surface Roughness Fail
QC-7104,MCH-HEATTREAT-01,SKU-LS-ISUZU-02,2026-07-05 16:00:00,473,462,11,3,Shot Peening Surface Roughness Fail
QC-7105,MCH-HEATTREAT-01,SKU-LS-ISUZU-02,2026-07-06 00:00:00,471,457,14,3,Quenching Hardness Non-Conforming
QC-7106,MCH-TEMPERING-01,SKU-LS-ISUZU-02,2026-07-05 08:00:00,521,512,9,2,Surface Micro-Crack Defect
QC-7107,MCH-TEMPERING-01,SKU-LS-ISUZU-02,2026-07-05 16:00:00,485,459,26,12,Free Height Dimension Out-of-Spec
QC-7108,MCH-TEMPERING-01,SKU-LS-ISUZU-02,2026-07-06 00:00:00,466,441,25,8,Shot Peening Surface Roughness Fail
QC-7109,MCH-SHOTPEEN-01,SKU-LS-ISUZU-02,2026-07-05 08:00:00,470,458,12,5,Quenching Hardness Non-Conforming
QC-7110,MCH-SHOTPEEN-01,SKU-LS-ISUZU-02,2026-07-05 16:00:00,479,464,15,6,Quenching Hardness Non-Conforming
QC-7111,MCH-SHOTPEEN-01,SKU-LS-ISUZU-02,2026-07-06 00:00:00,532,522,10,4,Shot Peening Surface Roughness Fail
QC-7112,MCH-PRESS-01,SKU-LS-HINO-01,2026-07-05 08:00:00,637,620,17,6,Free Height Dimension Out-of-Spec
QC-7113,MCH-PRESS-01,SKU-LS-HINO-01,2026-07-05 16:00:00,583,566,17,6,Bending Angle Angular Deviation
QC-7114,MCH-PRESS-01,SKU-LS-HINO-01,2026-07-06 00:00:00,636,617,19,6,Shot Peening Surface Roughness Fail
QC-7115,MCH-STABILIZER-01,SKU-SB-AVANZA-02,2026-07-05 08:00:00,636,621,15,7,Surface Micro-Crack Defect
QC-7116,MCH-STABILIZER-01,SKU-SB-AVANZA-02,2026-07-05 16:00:00,696,684,12,4,Bending Angle Angular Deviation
QC-7117,MCH-STABILIZER-01,SKU-SB-AVANZA-02,2026-07-06 00:00:00,632,618,14,4,Quenching Hardness Non-Conforming
QC-7118,MCH-TESTING-01,SKU-LS-ISUZU-02,2026-07-05 08:00:00,506,497,9,2,Surface Micro-Crack Defect
QC-7119,MCH-TESTING-01,SKU-LS-ISUZU-02,2026-07-05 16:00:00,452,428,24,8,Shot Peening Surface Roughness Fail
QC-7120,MCH-TESTING-01,SKU-LS-ISUZU-02,2026-07-06 00:00:00,508,501,7,2,Shot Peening Surface Roughness Fail
QC-7121,MCH-COILING-01,SKU-CS-TOYOTA-01,2026-07-06 08:00:00,893,872,21,10,Shot Peening Surface Roughness Fail
QC-7122,MCH-COILING-01,SKU-CS-TOYOTA-01,2026-07-06 16:00:00,704,666,38,8,Shot Peening Surface Roughness Fail
QC-7123,MCH-COILING-01,SKU-CS-TOYOTA-01,2026-07-07 00:00:00,938,917,21,9,Free Height Dimension Out-of-Spec
QC-7124,MCH-COILING-02,SKU-CS-TOYOTA-01,2026-07-06 08:00:00,841,818,23,6,Shot Peening Surface Roughness Fail
QC-7125,MCH-COILING-02,SKU-CS-TOYOTA-01,2026-07-06 16:00:00,852,838,14,2,Free Height Dimension Out-of-Spec
QC-7126,MCH-COILING-02,SKU-CS-TOYOTA-01,2026-07-07 00:00:00,961,941,20,8,Shot Peening Surface Roughness Fail
QC-7127,MCH-HEATTREAT-01,SKU-LS-HINO-01,2026-07-06 08:00:00,589,557,32,12,Surface Micro-Crack Defect
QC-7128,MCH-HEATTREAT-01,SKU-LS-HINO-01,2026-07-06 16:00:00,585,576,9,3,Shot Peening Surface Roughness Fail
QC-7129,MCH-HEATTREAT-01,SKU-LS-HINO-01,2026-07-07 00:00:00,587,572,15,6,Shot Peening Surface Roughness Fail
QC-7130,MCH-TEMPERING-01,SKU-LS-HINO-01,2026-07-06 08:00:00,658,647,11,2,Shot Peening Surface Roughness Fail
QC-7131,MCH-TEMPERING-01,SKU-LS-HINO-01,2026-07-06 16:00:00,572,553,19,6,Bending Angle Angular Deviation
QC-7132,MCH-TEMPERING-01,SKU-LS-HINO-01,2026-07-07 00:00:00,613,603,10,4,Bending Angle Angular Deviation
QC-7133,MCH-SHOTPEEN-01,SKU-LS-ISUZU-02,2026-07-06 08:00:00,404,382,22,9,Bending Angle Angular Deviation
QC-7134,MCH-SHOTPEEN-01,SKU-LS-ISUZU-02,2026-07-06 16:00:00,422,399,23,10,Bending Angle Angular Deviation
QC-7135,MCH-SHOTPEEN-01,SKU-LS-ISUZU-02,2026-07-07 00:00:00,406,384,22,6,Surface Micro-Crack Defect
QC-7136,MCH-PRESS-01,SKU-LS-HINO-01,2026-07-06 08:00:00,570,539,31,10,Surface Micro-Crack Defect
QC-7137,MCH-PRESS-01,SKU-LS-HINO-01,2026-07-06 16:00:00,642,623,19,9,Free Height Dimension Out-of-Spec
QC-7138,MCH-PRESS-01,SKU-LS-HINO-01,2026-07-07 00:00:00,620,607,13,4,Free Height Dimension Out-of-Spec
QC-7139,MCH-STABILIZER-01,SKU-SB-AVANZA-02,2026-07-06 08:00:00,706,693,13,4,Shot Peening Surface Roughness Fail
QC-7140,MCH-STABILIZER-01,SKU-SB-AVANZA-02,2026-07-06 16:00:00,685,677,8,3,Shot Peening Surface Roughness Fail
QC-7141,MCH-STABILIZER-01,SKU-SB-AVANZA-02,2026-07-07 00:00:00,617,584,33,8,Shot Peening Surface Roughness Fail
QC-7142,MCH-TESTING-01,SKU-LS-HINO-01,2026-07-06 08:00:00,623,613,10,4,Quenching Hardness Non-Conforming
QC-7143,MCH-TESTING-01,SKU-LS-HINO-01,2026-07-06 16:00:00,590,572,18,7,Quenching Hardness Non-Conforming
QC-7144,MCH-TESTING-01,SKU-LS-HINO-01,2026-07-07 00:00:00,632,615,17,4,Surface Micro-Crack Defect
QC-7145,MCH-COILING-01,SKU-CS-TOYOTA-01,2026-07-07 08:00:00,921,910,11,3,Bending Angle Angular Deviation
QC-7146,MCH-COILING-01,SKU-CS-TOYOTA-01,2026-07-07 16:00:00,849,829,20,7,Quenching Hardness Non-Conforming
QC-7147,MCH-COILING-01,SKU-CS-TOYOTA-01,2026-07-08 00:00:00,881,868,13,3,Surface Micro-Crack Defect
QC-7148,MCH-COILING-02,SKU-CS-TOYOTA-01,2026-07-07 08:00:00,982,970,12,2,Bending Angle Angular Deviation
QC-7149,MCH-COILING-02,SKU-CS-TOYOTA-01,2026-07-07 16:00:00,880,853,27,8,Shot Peening Surface Roughness Fail
QC-7150,MCH-COILING-02,SKU-CS-TOYOTA-01,2026-07-08 00:00:00,868,821,47,11,Bending Angle Angular Deviation
QC-7151,MCH-HEATTREAT-01,SKU-LS-HINO-01,2026-07-07 08:00:00,609,593,16,6,Surface Micro-Crack Defect
QC-7152,MCH-HEATTREAT-01,SKU-LS-HINO-01,2026-07-07 16:00:00,630,622,8,3,Surface Micro-Crack Defect
QC-7153,MCH-HEATTREAT-01,SKU-LS-HINO-01,2026-07-08 00:00:00,644,635,9,2,Bending Angle Angular Deviation
QC-7154,MCH-TEMPERING-01,SKU-LS-ISUZU-02,2026-07-07 08:00:00,483,472,11,4,Shot Peening Surface Roughness Fail
QC-7155,MCH-TEMPERING-01,SKU-LS-ISUZU-02,2026-07-07 16:00:00,480,470,10,2,Free Height Dimension Out-of-Spec
QC-7156,MCH-TEMPERING-01,SKU-LS-ISUZU-02,2026-07-08 00:00:00,480,454,26,5,Bending Angle Angular Deviation
QC-7157,MCH-SHOTPEEN-01,SKU-LS-HINO-01,2026-07-07 08:00:00,632,621,11,3,Bending Angle Angular Deviation
QC-7158,MCH-SHOTPEEN-01,SKU-LS-HINO-01,2026-07-07 16:00:00,579,567,12,4,Quenching Hardness Non-Conforming
QC-7159,MCH-SHOTPEEN-01,SKU-LS-HINO-01,2026-07-08 00:00:00,597,579,18,3,Quenching Hardness Non-Conforming
QC-7160,MCH-PRESS-01,SKU-LS-HINO-01,2026-07-07 08:00:00,569,553,16,6,Shot Peening Surface Roughness Fail
QC-7161,MCH-PRESS-01,SKU-LS-HINO-01,2026-07-07 16:00:00,621,607,14,5,Bending Angle Angular Deviation
QC-7162,MCH-PRESS-01,SKU-LS-HINO-01,2026-07-08 00:00:00,655,639,16,5,Surface Micro-Crack Defect
QC-7163,MCH-STABILIZER-01,SKU-SB-AVANZA-02,2026-07-07 08:00:00,666,630,36,15,Bending Angle Angular Deviation
QC-7164,MCH-STABILIZER-01,SKU-SB-AVANZA-02,2026-07-07 16:00:00,645,633,12,4,Bending Angle Angular Deviation
QC-7165,MCH-STABILIZER-01,SKU-SB-AVANZA-02,2026-07-08 00:00:00,605,572,33,13,Bending Angle Angular Deviation
QC-7166,MCH-TESTING-01,SKU-LS-HINO-01,2026-07-07 08:00:00,588,580,8,2,Shot Peening Surface Roughness Fail
QC-7167,MCH-TESTING-01,SKU-LS-HINO-01,2026-07-07 16:00:00,564,551,13,3,Shot Peening Surface Roughness Fail
QC-7168,MCH-TESTING-01,SKU-LS-HINO-01,2026-07-08 00:00:00,605,572,33,14,Shot Peening Surface Roughness Fail
QC-7169,MCH-COILING-01,SKU-CS-HONDA-02,2026-07-08 08:00:00,951,899,52,16,Bending Angle Angular Deviation
QC-7170,MCH-COILING-01,SKU-CS-HONDA-02,2026-07-08 16:00:00,960,948,12,5,Bending Angle Angular Deviation
QC-7171,MCH-COILING-01,SKU-CS-HONDA-02,2026-07-09 00:00:00,999,975,24,11,Shot Peening Surface Roughness Fail
QC-7172,MCH-COILING-02,SKU-CS-TOYOTA-01,2026-07-08 08:00:00,805,761,44,18,Free Height Dimension Out-of-Spec
QC-7173,MCH-COILING-02,SKU-CS-TOYOTA-01,2026-07-08 16:00:00,856,840,16,7,Bending Angle Angular Deviation
QC-7174,MCH-COILING-02,SKU-CS-TOYOTA-01,2026-07-09 00:00:00,855,808,47,19,Shot Peening Surface Roughness Fail
QC-7175,MCH-HEATTREAT-01,SKU-LS-HINO-01,2026-07-08 08:00:00,587,570,17,6,Quenching Hardness Non-Conforming
QC-7176,MCH-HEATTREAT-01,SKU-LS-HINO-01,2026-07-08 16:00:00,586,554,32,13,Bending Angle Angular Deviation
QC-7177,MCH-HEATTREAT-01,SKU-LS-HINO-01,2026-07-09 00:00:00,588,571,17,6,Bending Angle Angular Deviation
QC-7178,MCH-TEMPERING-01,SKU-LS-ISUZU-02,2026-07-08 08:00:00,505,497,8,1,Free Height Dimension Out-of-Spec
QC-7179,MCH-TEMPERING-01,SKU-LS-ISUZU-02,2026-07-08 16:00:00,516,500,16,5,Free Height Dimension Out-of-Spec
QC-7180,MCH-TEMPERING-01,SKU-LS-ISUZU-02,2026-07-09 00:00:00,471,465,6,1,Free Height Dimension Out-of-Spec
QC-7181,MCH-SHOTPEEN-01,SKU-LS-HINO-01,2026-07-08 08:00:00,631,617,14,4,Bending Angle Angular Deviation
QC-7182,MCH-SHOTPEEN-01,SKU-LS-HINO-01,2026-07-08 16:00:00,641,630,11,3,Bending Angle Angular Deviation
QC-7183,MCH-SHOTPEEN-01,SKU-LS-HINO-01,2026-07-09 00:00:00,588,569,19,5,Bending Angle Angular Deviation
QC-7184,MCH-PRESS-01,SKU-LS-HINO-01,2026-07-08 08:00:00,611,602,9,4,Bending Angle Angular Deviation
QC-7185,MCH-PRESS-01,SKU-LS-HINO-01,2026-07-08 16:00:00,530,501,29,10,Free Height Dimension Out-of-Spec
QC-7186,MCH-PRESS-01,SKU-LS-HINO-01,2026-07-09 00:00:00,615,604,11,3,Shot Peening Surface Roughness Fail
QC-7187,MCH-STABILIZER-01,SKU-SB-AVANZA-02,2026-07-08 08:00:00,643,608,35,14,Bending Angle Angular Deviation
QC-7188,MCH-STABILIZER-01,SKU-SB-AVANZA-02,2026-07-08 16:00:00,659,646,13,3,Shot Peening Surface Roughness Fail
QC-7189,MCH-STABILIZER-01,SKU-SB-AVANZA-02,2026-07-09 00:00:00,630,596,34,14,Surface Micro-Crack Defect
QC-7190,MCH-TESTING-01,SKU-LS-ISUZU-02,2026-07-08 08:00:00,479,467,12,5,Free Height Dimension Out-of-Spec
QC-7191,MCH-TESTING-01,SKU-LS-ISUZU-02,2026-07-08 16:00:00,478,466,12,4,Free Height Dimension Out-of-Spec
QC-7192,MCH-TESTING-01,SKU-LS-ISUZU-02,2026-07-09 00:00:00,475,467,8,3,Free Height Dimension Out-of-Spec
QC-7193,MCH-COILING-01,SKU-CS-HONDA-02,2026-07-09 08:00:00,988,958,30,10,Bending Angle Angular Deviation
QC-7194,MCH-COILING-01,SKU-CS-HONDA-02,2026-07-09 16:00:00,1041,1006,35,14,Bending Angle Angular Deviation
QC-7195,MCH-COILING-01,SKU-CS-HONDA-02,2026-07-10 00:00:00,1032,1018,14,5,Bending Angle Angular Deviation
QC-7196,MCH-COILING-02,SKU-CS-TOYOTA-01,2026-07-09 08:00:00,981,957,24,10,Free Height Dimension Out-of-Spec
QC-7197,MCH-COILING-02,SKU-CS-TOYOTA-01,2026-07-09 16:00:00,963,940,23,11,Bending Angle Angular Deviation
QC-7198,MCH-COILING-02,SKU-CS-TOYOTA-01,2026-07-10 00:00:00,863,839,24,6,Free Height Dimension Out-of-Spec
QC-7199,MCH-HEATTREAT-01,SKU-LS-HINO-01,2026-07-09 08:00:00,376,356,20,7,Free Height Dimension Out-of-Spec
QC-7200,MCH-HEATTREAT-01,SKU-LS-HINO-01,2026-07-09 16:00:00,622,603,19,9,Shot Peening Surface Roughness Fail
QC-7201,MCH-HEATTREAT-01,SKU-LS-HINO-01,2026-07-10 00:00:00,614,598,16,7,Free Height Dimension Out-of-Spec
QC-7202,MCH-TEMPERING-01,SKU-LS-HINO-01,2026-07-09 08:00:00,649,641,8,3,Surface Micro-Crack Defect
QC-7203,MCH-TEMPERING-01,SKU-LS-HINO-01,2026-07-09 16:00:00,568,537,31,13,Surface Micro-Crack Defect
QC-7204,MCH-TEMPERING-01,SKU-LS-HINO-01,2026-07-10 00:00:00,566,557,9,2,Shot Peening Surface Roughness Fail
QC-7205,MCH-SHOTPEEN-01,SKU-LS-HINO-01,2026-07-09 08:00:00,481,455,26,10,Quenching Hardness Non-Conforming
QC-7206,MCH-SHOTPEEN-01,SKU-LS-HINO-01,2026-07-09 16:00:00,606,588,18,3,Bending Angle Angular Deviation
QC-7207,MCH-SHOTPEEN-01,SKU-LS-HINO-01,2026-07-10 00:00:00,641,624,17,3,Quenching Hardness Non-Conforming
QC-7208,MCH-PRESS-01,SKU-LS-HINO-01,2026-07-09 08:00:00,580,571,9,4,Shot Peening Surface Roughness Fail
QC-7209,MCH-PRESS-01,SKU-LS-HINO-01,2026-07-09 16:00:00,602,585,17,5,Free Height Dimension Out-of-Spec
QC-7210,MCH-PRESS-01,SKU-LS-HINO-01,2026-07-10 00:00:00,568,556,12,5,Bending Angle Angular Deviation
QC-7211,MCH-STABILIZER-01,SKU-SB-CANTER-01,2026-07-09 08:00:00,427,404,23,6,Quenching Hardness Non-Conforming
QC-7212,MCH-STABILIZER-01,SKU-SB-CANTER-01,2026-07-09 16:00:00,482,468,14,3,Bending Angle Angular Deviation
QC-7213,MCH-STABILIZER-01,SKU-SB-CANTER-01,2026-07-10 00:00:00,420,406,14,6,Bending Angle Angular Deviation
QC-7214,MCH-TESTING-01,SKU-LS-HINO-01,2026-07-09 08:00:00,596,580,16,5,Shot Peening Surface Roughness Fail
QC-7215,MCH-TESTING-01,SKU-LS-HINO-01,2026-07-09 16:00:00,612,596,16,5,Surface Micro-Crack Defect
QC-7216,MCH-TESTING-01,SKU-LS-HINO-01,2026-07-10 00:00:00,627,606,21,4,Free Height Dimension Out-of-Spec
QC-7217,MCH-COILING-01,SKU-CS-TOYOTA-01,2026-07-10 08:00:00,964,942,22,5,Surface Micro-Crack Defect
QC-7218,MCH-COILING-01,SKU-CS-TOYOTA-01,2026-07-10 16:00:00,841,831,10,2,Free Height Dimension Out-of-Spec
QC-7219,MCH-COILING-01,SKU-CS-TOYOTA-01,2026-07-11 00:00:00,856,835,21,4,Bending Angle Angular Deviation
QC-7220,MCH-COILING-02,SKU-CS-TOYOTA-01,2026-07-10 08:00:00,925,895,30,14,Surface Micro-Crack Defect
QC-7221,MCH-COILING-02,SKU-CS-TOYOTA-01,2026-07-10 16:00:00,857,843,14,3,Quenching Hardness Non-Conforming
QC-7222,MCH-COILING-02,SKU-CS-TOYOTA-01,2026-07-11 00:00:00,835,810,25,9,Quenching Hardness Non-Conforming
QC-7223,MCH-HEATTREAT-01,SKU-LS-HINO-01,2026-07-10 08:00:00,459,434,25,6,Surface Micro-Crack Defect
QC-7224,MCH-HEATTREAT-01,SKU-LS-HINO-01,2026-07-10 16:00:00,626,614,12,4,Free Height Dimension Out-of-Spec
QC-7225,MCH-HEATTREAT-01,SKU-LS-HINO-01,2026-07-11 00:00:00,590,583,7,3,Shot Peening Surface Roughness Fail
QC-7226,MCH-TEMPERING-01,SKU-LS-ISUZU-02,2026-07-10 08:00:00,465,457,8,3,Free Height Dimension Out-of-Spec
QC-7227,MCH-TEMPERING-01,SKU-LS-ISUZU-02,2026-07-10 16:00:00,480,454,26,8,Bending Angle Angular Deviation
QC-7228,MCH-TEMPERING-01,SKU-LS-ISUZU-02,2026-07-11 00:00:00,473,465,8,3,Surface Micro-Crack Defect
QC-7229,MCH-SHOTPEEN-01,SKU-LS-HINO-01,2026-07-10 08:00:00,623,610,13,3,Bending Angle Angular Deviation
QC-7230,MCH-SHOTPEEN-01,SKU-LS-HINO-01,2026-07-10 16:00:00,631,616,15,4,Quenching Hardness Non-Conforming
QC-7231,MCH-SHOTPEEN-01,SKU-LS-HINO-01,2026-07-11 00:00:00,571,561,10,4,Free Height Dimension Out-of-Spec
QC-7232,MCH-PRESS-01,SKU-LS-HINO-01,2026-07-10 08:00:00,614,597,17,7,Quenching Hardness Non-Conforming
QC-7233,MCH-PRESS-01,SKU-LS-HINO-01,2026-07-10 16:00:00,566,548,18,5,Shot Peening Surface Roughness Fail
QC-7234,MCH-PRESS-01,SKU-LS-HINO-01,2026-07-11 00:00:00,588,574,14,3,Bending Angle Angular Deviation
QC-7235,MCH-STABILIZER-01,SKU-SB-AVANZA-02,2026-07-10 08:00:00,658,636,22,4,Free Height Dimension Out-of-Spec
QC-7236,MCH-STABILIZER-01,SKU-SB-AVANZA-02,2026-07-10 16:00:00,733,720,13,3,Surface Micro-Crack Defect
QC-7237,MCH-STABILIZER-01,SKU-SB-AVANZA-02,2026-07-11 00:00:00,708,691,17,5,Surface Micro-Crack Defect
QC-7238,MCH-TESTING-01,SKU-LS-HINO-01,2026-07-10 08:00:00,570,539,31,11,Bending Angle Angular Deviation
QC-7239,MCH-TESTING-01,SKU-LS-HINO-01,2026-07-10 16:00:00,565,534,31,6,Free Height Dimension Out-of-Spec
QC-7240,MCH-TESTING-01,SKU-LS-HINO-01,2026-07-11 00:00:00,611,597,14,3,Free Height Dimension Out-of-Spec
QC-7241,MCH-COILING-01,SKU-CS-HONDA-02,2026-07-11 08:00:00,947,924,23,10,Quenching Hardness Non-Conforming
QC-7242,MCH-COILING-01,SKU-CS-HONDA-02,2026-07-11 16:00:00,978,950,28,12,Surface Micro-Crack Defect
QC-7243,MCH-COILING-01,SKU-CS-HONDA-02,2026-07-12 00:00:00,813,769,44,19,Surface Micro-Crack Defect
QC-7244,MCH-COILING-02,SKU-CS-TOYOTA-01,2026-07-11 08:00:00,832,787,45,20,Shot Peening Surface Roughness Fail
QC-7245,MCH-COILING-02,SKU-CS-TOYOTA-01,2026-07-11 16:00:00,901,881,20,7,Surface Micro-Crack Defect
QC-7246,MCH-COILING-02,SKU-CS-TOYOTA-01,2026-07-12 00:00:00,908,888,20,8,Free Height Dimension Out-of-Spec
QC-7247,MCH-HEATTREAT-01,SKU-LS-HINO-01,2026-07-11 08:00:00,463,438,25,7,Bending Angle Angular Deviation
QC-7248,MCH-HEATTREAT-01,SKU-LS-HINO-01,2026-07-11 16:00:00,521,493,28,5,Surface Micro-Crack Defect
QC-7249,MCH-HEATTREAT-01,SKU-LS-HINO-01,2026-07-12 00:00:00,566,558,8,3,Quenching Hardness Non-Conforming
QC-7250,MCH-TEMPERING-01,SKU-LS-HINO-01,2026-07-11 08:00:00,631,611,20,8,Bending Angle Angular Deviation
QC-7251,MCH-TEMPERING-01,SKU-LS-HINO-01,2026-07-11 16:00:00,635,615,20,5,Surface Micro-Crack Defect
QC-7252,MCH-TEMPERING-01,SKU-LS-HINO-01,2026-07-12 00:00:00,575,560,15,5,Shot Peening Surface Roughness Fail
QC-7253,MCH-SHOTPEEN-01,SKU-LS-ISUZU-02,2026-07-11 08:00:00,467,460,7,3,Bending Angle Angular Deviation
QC-7254,MCH-SHOTPEEN-01,SKU-LS-ISUZU-02,2026-07-11 16:00:00,500,493,7,3,Bending Angle Angular Deviation
QC-7255,MCH-SHOTPEEN-01,SKU-LS-ISUZU-02,2026-07-12 00:00:00,514,508,6,1,Shot Peening Surface Roughness Fail
QC-7256,MCH-PRESS-01,SKU-LS-HINO-01,2026-07-11 08:00:00,617,607,10,3,Bending Angle Angular Deviation
QC-7257,MCH-PRESS-01,SKU-LS-HINO-01,2026-07-11 16:00:00,648,632,16,6,Bending Angle Angular Deviation
QC-7258,MCH-PRESS-01,SKU-LS-HINO-01,2026-07-12 00:00:00,556,548,8,2,Free Height Dimension Out-of-Spec
QC-7259,MCH-STABILIZER-01,SKU-SB-CANTER-01,2026-07-11 08:00:00,491,485,6,2,Bending Angle Angular Deviation
QC-7260,MCH-STABILIZER-01,SKU-SB-CANTER-01,2026-07-11 16:00:00,430,416,14,4,Quenching Hardness Non-Conforming
QC-7261,MCH-STABILIZER-01,SKU-SB-CANTER-01,2026-07-12 00:00:00,413,406,7,2,Quenching Hardness Non-Conforming
QC-7262,MCH-TESTING-01,SKU-LS-HINO-01,2026-07-11 08:00:00,605,592,13,4,Bending Angle Angular Deviation
QC-7263,MCH-TESTING-01,SKU-LS-HINO-01,2026-07-11 16:00:00,598,581,17,6,Shot Peening Surface Roughness Fail
QC-7264,MCH-TESTING-01,SKU-LS-HINO-01,2026-07-12 00:00:00,568,561,7,3,Quenching Hardness Non-Conforming
QC-7265,MCH-COILING-01,SKU-CS-TOYOTA-01,2026-07-12 08:00:00,923,873,50,15,Quenching Hardness Non-Conforming
QC-7266,MCH-COILING-01,SKU-CS-TOYOTA-01,2026-07-12 16:00:00,976,961,15,5,Bending Angle Angular Deviation
QC-7267,MCH-COILING-01,SKU-CS-TOYOTA-01,2026-07-13 00:00:00,851,823,28,10,Shot Peening Surface Roughness Fail
QC-7268,MCH-COILING-02,SKU-CS-TOYOTA-01,2026-07-12 08:00:00,949,935,14,6,Quenching Hardness Non-Conforming
QC-7269,MCH-COILING-02,SKU-CS-TOYOTA-01,2026-07-12 16:00:00,850,825,25,5,Surface Micro-Crack Defect
QC-7270,MCH-COILING-02,SKU-CS-TOYOTA-01,2026-07-13 00:00:00,884,862,22,5,Quenching Hardness Non-Conforming
QC-7271,MCH-HEATTREAT-01,SKU-LS-ISUZU-02,2026-07-12 08:00:00,501,488,13,5,Bending Angle Angular Deviation
QC-7272,MCH-HEATTREAT-01,SKU-LS-ISUZU-02,2026-07-12 16:00:00,520,513,7,3,Bending Angle Angular Deviation
QC-7273,MCH-HEATTREAT-01,SKU-LS-ISUZU-02,2026-07-13 00:00:00,461,446,15,6,Shot Peening Surface Roughness Fail
QC-7274,MCH-TEMPERING-01,SKU-LS-HINO-01,2026-07-12 08:00:00,542,513,29,10,Shot Peening Surface Roughness Fail
QC-7275,MCH-TEMPERING-01,SKU-LS-HINO-01,2026-07-12 16:00:00,645,626,19,5,Bending Angle Angular Deviation
QC-7276,MCH-TEMPERING-01,SKU-LS-HINO-01,2026-07-13 00:00:00,600,587,13,3,Bending Angle Angular Deviation
QC-7277,MCH-SHOTPEEN-01,SKU-LS-ISUZU-02,2026-07-12 08:00:00,478,467,11,2,Quenching Hardness Non-Conforming
QC-7278,MCH-SHOTPEEN-01,SKU-LS-ISUZU-02,2026-07-12 16:00:00,488,475,13,5,Shot Peening Surface Roughness Fail
QC-7279,MCH-SHOTPEEN-01,SKU-LS-ISUZU-02,2026-07-13 00:00:00,419,396,23,9,Bending Angle Angular Deviation
QC-7280,MCH-PRESS-01,SKU-LS-HINO-01,2026-07-12 08:00:00,640,626,14,3,Free Height Dimension Out-of-Spec
QC-7281,MCH-PRESS-01,SKU-LS-HINO-01,2026-07-12 16:00:00,641,631,10,3,Quenching Hardness Non-Conforming
QC-7282,MCH-PRESS-01,SKU-LS-HINO-01,2026-07-13 00:00:00,587,555,32,15,Surface Micro-Crack Defect
QC-7283,MCH-STABILIZER-01,SKU-SB-CANTER-01,2026-07-12 08:00:00,485,478,7,1,Surface Micro-Crack Defect
QC-7284,MCH-STABILIZER-01,SKU-SB-CANTER-01,2026-07-12 16:00:00,430,419,11,2,Surface Micro-Crack Defect
QC-7285,MCH-STABILIZER-01,SKU-SB-CANTER-01,2026-07-13 00:00:00,323,306,17,4,Quenching Hardness Non-Conforming
QC-7286,MCH-TESTING-01,SKU-LS-HINO-01,2026-07-12 08:00:00,526,498,28,7,Quenching Hardness Non-Conforming
QC-7287,MCH-TESTING-01,SKU-LS-HINO-01,2026-07-12 16:00:00,630,622,8,3,Free Height Dimension Out-of-Spec
QC-7288,MCH-TESTING-01,SKU-LS-HINO-01,2026-07-13 00:00:00,572,541,31,13,Free Height Dimension Out-of-Spec
QC-7289,MCH-COILING-01,SKU-CS-TOYOTA-01,2026-07-13 08:00:00,906,882,24,8,Shot Peening Surface Roughness Fail
QC-7290,MCH-COILING-01,SKU-CS-TOYOTA-01,2026-07-13 16:00:00,878,864,14,4,Shot Peening Surface Roughness Fail
QC-7291,MCH-COILING-01,SKU-CS-TOYOTA-01,2026-07-14 00:00:00,867,820,47,16,Quenching Hardness Non-Conforming
QC-7292,MCH-COILING-02,SKU-CS-TOYOTA-01,2026-07-13 08:00:00,744,704,40,13,Quenching Hardness Non-Conforming
QC-7293,MCH-COILING-02,SKU-CS-TOYOTA-01,2026-07-13 16:00:00,891,863,28,6,Free Height Dimension Out-of-Spec
QC-7294,MCH-COILING-02,SKU-CS-TOYOTA-01,2026-07-14 00:00:00,872,852,20,9,Quenching Hardness Non-Conforming
QC-7295,MCH-HEATTREAT-01,SKU-LS-HINO-01,2026-07-13 08:00:00,635,624,11,2,Bending Angle Angular Deviation
QC-7296,MCH-HEATTREAT-01,SKU-LS-HINO-01,2026-07-13 16:00:00,578,547,31,10,Free Height Dimension Out-of-Spec
QC-7297,MCH-HEATTREAT-01,SKU-LS-HINO-01,2026-07-14 00:00:00,567,549,18,7,Free Height Dimension Out-of-Spec
QC-7298,MCH-TEMPERING-01,SKU-LS-HINO-01,2026-07-13 08:00:00,609,602,7,1,Quenching Hardness Non-Conforming
QC-7299,MCH-TEMPERING-01,SKU-LS-HINO-01,2026-07-13 16:00:00,578,571,7,1,Surface Micro-Crack Defect
QC-7300,MCH-TEMPERING-01,SKU-LS-HINO-01,2026-07-14 00:00:00,552,542,10,3,Surface Micro-Crack Defect
QC-7301,MCH-SHOTPEEN-01,SKU-LS-ISUZU-02,2026-07-13 08:00:00,468,457,11,4,Shot Peening Surface Roughness Fail
QC-7302,MCH-SHOTPEEN-01,SKU-LS-ISUZU-02,2026-07-13 16:00:00,512,498,14,6,Shot Peening Surface Roughness Fail
QC-7303,MCH-SHOTPEEN-01,SKU-LS-ISUZU-02,2026-07-14 00:00:00,511,502,9,2,Shot Peening Surface Roughness Fail
QC-7304,MCH-PRESS-01,SKU-LS-HINO-01,2026-07-13 08:00:00,595,584,11,3,Surface Micro-Crack Defect
QC-7305,MCH-PRESS-01,SKU-LS-HINO-01,2026-07-13 16:00:00,630,617,13,5,Shot Peening Surface Roughness Fail
QC-7306,MCH-PRESS-01,SKU-LS-HINO-01,2026-07-14 00:00:00,581,571,10,4,Surface Micro-Crack Defect
QC-7307,MCH-STABILIZER-01,SKU-SB-AVANZA-02,2026-07-13 08:00:00,664,652,12,3,Shot Peening Surface Roughness Fail
QC-7308,MCH-STABILIZER-01,SKU-SB-AVANZA-02,2026-07-13 16:00:00,671,656,15,4,Bending Angle Angular Deviation
QC-7309,MCH-STABILIZER-01,SKU-SB-AVANZA-02,2026-07-14 00:00:00,688,676,12,2,Quenching Hardness Non-Conforming
QC-7310,MCH-TESTING-01,SKU-LS-ISUZU-02,2026-07-13 08:00:00,526,509,17,8,Bending Angle Angular Deviation
QC-7311,MCH-TESTING-01,SKU-LS-ISUZU-02,2026-07-13 16:00:00,472,461,11,3,Surface Micro-Crack Defect
QC-7312,MCH-TESTING-01,SKU-LS-ISUZU-02,2026-07-14 00:00:00,455,430,25,7,Quenching Hardness Non-Conforming
QC-7313,MCH-COILING-01,SKU-CS-TOYOTA-01,2026-07-14 08:00:00,880,852,28,13,Quenching Hardness Non-Conforming
QC-7314,MCH-COILING-01,SKU-CS-TOYOTA-01,2026-07-14 16:00:00,875,849,26,9,Free Height Dimension Out-of-Spec
QC-7315,MCH-COILING-01,SKU-CS-TOYOTA-01,2026-07-15 00:00:00,882,834,48,21,Free Height Dimension Out-of-Spec
QC-7316,MCH-COILING-02,SKU-CS-HONDA-02,2026-07-14 08:00:00,981,928,53,21,Surface Micro-Crack Defect
QC-7317,MCH-COILING-02,SKU-CS-HONDA-02,2026-07-14 16:00:00,1026,997,29,14,Shot Peening Surface Roughness Fail
QC-7318,MCH-COILING-02,SKU-CS-HONDA-02,2026-07-15 00:00:00,884,836,48,20,Free Height Dimension Out-of-Spec
QC-7319,MCH-HEATTREAT-01,SKU-LS-HINO-01,2026-07-14 08:00:00,487,461,26,11,Free Height Dimension Out-of-Spec
QC-7320,MCH-HEATTREAT-01,SKU-LS-HINO-01,2026-07-14 16:00:00,538,509,29,12,Surface Micro-Crack Defect
QC-7321,MCH-HEATTREAT-01,SKU-LS-HINO-01,2026-07-15 00:00:00,583,564,19,7,Shot Peening Surface Roughness Fail
QC-7322,MCH-TEMPERING-01,SKU-LS-ISUZU-02,2026-07-14 08:00:00,348,329,19,5,Shot Peening Surface Roughness Fail
QC-7323,MCH-TEMPERING-01,SKU-LS-ISUZU-02,2026-07-14 16:00:00,473,468,5,1,Bending Angle Angular Deviation
QC-7324,MCH-TEMPERING-01,SKU-LS-ISUZU-02,2026-07-15 00:00:00,521,508,13,5,Free Height Dimension Out-of-Spec
QC-7325,MCH-SHOTPEEN-01,SKU-LS-HINO-01,2026-07-14 08:00:00,613,593,20,7,Free Height Dimension Out-of-Spec
QC-7326,MCH-SHOTPEEN-01,SKU-LS-HINO-01,2026-07-14 16:00:00,621,587,34,15,Shot Peening Surface Roughness Fail
QC-7327,MCH-SHOTPEEN-01,SKU-LS-HINO-01,2026-07-15 00:00:00,609,595,14,3,Surface Micro-Crack Defect
QC-7328,MCH-PRESS-01,SKU-LS-HINO-01,2026-07-14 08:00:00,545,516,29,11,Quenching Hardness Non-Conforming
QC-7329,MCH-PRESS-01,SKU-LS-HINO-01,2026-07-14 16:00:00,647,629,18,6,Surface Micro-Crack Defect
QC-7330,MCH-PRESS-01,SKU-LS-HINO-01,2026-07-15 00:00:00,549,539,10,2,Quenching Hardness Non-Conforming
QC-7331,MCH-STABILIZER-01,SKU-SB-CANTER-01,2026-07-14 08:00:00,483,476,7,2,Shot Peening Surface Roughness Fail
QC-7332,MCH-STABILIZER-01,SKU-SB-CANTER-01,2026-07-14 16:00:00,395,374,21,8,Quenching Hardness Non-Conforming
QC-7333,MCH-STABILIZER-01,SKU-SB-CANTER-01,2026-07-15 00:00:00,430,416,14,4,Quenching Hardness Non-Conforming
QC-7334,MCH-TESTING-01,SKU-LS-ISUZU-02,2026-07-14 08:00:00,477,465,12,4,Bending Angle Angular Deviation
QC-7335,MCH-TESTING-01,SKU-LS-ISUZU-02,2026-07-14 16:00:00,476,469,7,3,Surface Micro-Crack Defect
QC-7336,MCH-TESTING-01,SKU-LS-ISUZU-02,2026-07-15 00:00:00,495,484,11,3,Bending Angle Angular Deviation
QC-7337,MCH-COILING-01,SKU-CS-TOYOTA-01,2026-07-15 08:00:00,854,808,46,9,Quenching Hardness Non-Conforming
QC-7338,MCH-COILING-01,SKU-CS-TOYOTA-01,2026-07-15 16:00:00,953,930,23,6,Shot Peening Surface Roughness Fail
QC-7339,MCH-COILING-01,SKU-CS-TOYOTA-01,2026-07-16 00:00:00,954,933,21,9,Surface Micro-Crack Defect
QC-7340,MCH-COILING-02,SKU-CS-HONDA-02,2026-07-15 08:00:00,955,938,17,4,Free Height Dimension Out-of-Spec
QC-7341,MCH-COILING-02,SKU-CS-HONDA-02,2026-07-15 16:00:00,992,966,26,9,Bending Angle Angular Deviation
QC-7342,MCH-COILING-02,SKU-CS-HONDA-02,2026-07-16 00:00:00,990,976,14,3,Free Height Dimension Out-of-Spec
QC-7343,MCH-HEATTREAT-01,SKU-LS-ISUZU-02,2026-07-15 08:00:00,519,508,11,4,Free Height Dimension Out-of-Spec
QC-7344,MCH-HEATTREAT-01,SKU-LS-ISUZU-02,2026-07-15 16:00:00,458,443,15,4,Free Height Dimension Out-of-Spec
QC-7345,MCH-HEATTREAT-01,SKU-LS-ISUZU-02,2026-07-16 00:00:00,501,491,10,2,Quenching Hardness Non-Conforming
QC-7346,MCH-TEMPERING-01,SKU-LS-ISUZU-02,2026-07-15 08:00:00,484,476,8,2,Free Height Dimension Out-of-Spec
QC-7347,MCH-TEMPERING-01,SKU-LS-ISUZU-02,2026-07-15 16:00:00,508,491,17,7,Shot Peening Surface Roughness Fail
QC-7348,MCH-TEMPERING-01,SKU-LS-ISUZU-02,2026-07-16 00:00:00,501,491,10,3,Bending Angle Angular Deviation
QC-7349,MCH-SHOTPEEN-01,SKU-LS-ISUZU-02,2026-07-15 08:00:00,486,478,8,2,Bending Angle Angular Deviation
QC-7350,MCH-SHOTPEEN-01,SKU-LS-ISUZU-02,2026-07-15 16:00:00,503,488,15,6,Bending Angle Angular Deviation
QC-7351,MCH-SHOTPEEN-01,SKU-LS-ISUZU-02,2026-07-16 00:00:00,443,419,24,9,Shot Peening Surface Roughness Fail
QC-7352,MCH-PRESS-01,SKU-LS-ISUZU-02,2026-07-15 08:00:00,470,463,7,3,Shot Peening Surface Roughness Fail
QC-7353,MCH-PRESS-01,SKU-LS-ISUZU-02,2026-07-15 16:00:00,476,463,13,2,Surface Micro-Crack Defect
QC-7354,MCH-PRESS-01,SKU-LS-ISUZU-02,2026-07-16 00:00:00,456,445,11,2,Quenching Hardness Non-Conforming
QC-7355,MCH-STABILIZER-01,SKU-SB-AVANZA-02,2026-07-15 08:00:00,683,667,16,7,Bending Angle Angular Deviation
QC-7356,MCH-STABILIZER-01,SKU-SB-AVANZA-02,2026-07-15 16:00:00,658,645,13,4,Free Height Dimension Out-of-Spec
QC-7357,MCH-STABILIZER-01,SKU-SB-AVANZA-02,2026-07-16 00:00:00,629,609,20,8,Quenching Hardness Non-Conforming
QC-7358,MCH-TESTING-01,SKU-LS-HINO-01,2026-07-15 08:00:00,620,612,8,2,Shot Peening Surface Roughness Fail
QC-7359,MCH-TESTING-01,SKU-LS-HINO-01,2026-07-15 16:00:00,621,602,19,9,Shot Peening Surface Roughness Fail
QC-7360,MCH-TESTING-01,SKU-LS-HINO-01,2026-07-16 00:00:00,633,624,9,3,Shot Peening Surface Roughness Fail
QC-7361,MCH-COILING-01,SKU-CS-TOYOTA-01,2026-07-16 08:00:00,974,953,21,6,Bending Angle Angular Deviation
QC-7362,MCH-COILING-01,SKU-CS-TOYOTA-01,2026-07-16 16:00:00,871,852,19,6,Quenching Hardness Non-Conforming
QC-7363,MCH-COILING-01,SKU-CS-TOYOTA-01,2026-07-17 00:00:00,917,902,15,5,Bending Angle Angular Deviation
QC-7364,MCH-COILING-02,SKU-CS-HONDA-02,2026-07-16 08:00:00,964,941,23,8,Shot Peening Surface Roughness Fail
QC-7365,MCH-COILING-02,SKU-CS-HONDA-02,2026-07-16 16:00:00,977,943,34,13,Bending Angle Angular Deviation
QC-7366,MCH-COILING-02,SKU-CS-HONDA-02,2026-07-17 00:00:00,1051,1019,32,10,Surface Micro-Crack Defect
QC-7367,MCH-HEATTREAT-01,SKU-LS-ISUZU-02,2026-07-16 08:00:00,494,487,7,3,Free Height Dimension Out-of-Spec
QC-7368,MCH-HEATTREAT-01,SKU-LS-ISUZU-02,2026-07-16 16:00:00,494,478,16,5,Shot Peening Surface Roughness Fail
QC-7369,MCH-HEATTREAT-01,SKU-LS-ISUZU-02,2026-07-17 00:00:00,463,452,11,2,Shot Peening Surface Roughness Fail
QC-7370,MCH-TEMPERING-01,SKU-LS-ISUZU-02,2026-07-16 08:00:00,503,492,11,5,Quenching Hardness Non-Conforming
QC-7371,MCH-TEMPERING-01,SKU-LS-ISUZU-02,2026-07-16 16:00:00,481,468,13,3,Surface Micro-Crack Defect
QC-7372,MCH-TEMPERING-01,SKU-LS-ISUZU-02,2026-07-17 00:00:00,528,516,12,5,Shot Peening Surface Roughness Fail
QC-7373,MCH-SHOTPEEN-01,SKU-LS-HINO-01,2026-07-16 08:00:00,606,597,9,2,Bending Angle Angular Deviation
QC-7374,MCH-SHOTPEEN-01,SKU-LS-HINO-01,2026-07-16 16:00:00,579,561,18,8,Surface Micro-Crack Defect
QC-7375,MCH-SHOTPEEN-01,SKU-LS-HINO-01,2026-07-17 00:00:00,623,608,15,6,Surface Micro-Crack Defect
QC-7376,MCH-PRESS-01,SKU-LS-ISUZU-02,2026-07-16 08:00:00,463,438,25,5,Surface Micro-Crack Defect
QC-7377,MCH-PRESS-01,SKU-LS-ISUZU-02,2026-07-16 16:00:00,495,479,16,3,Bending Angle Angular Deviation
QC-7378,MCH-PRESS-01,SKU-LS-ISUZU-02,2026-07-17 00:00:00,495,486,9,1,Free Height Dimension Out-of-Spec
QC-7379,MCH-STABILIZER-01,SKU-SB-CANTER-01,2026-07-16 08:00:00,449,435,14,5,Surface Micro-Crack Defect
QC-7380,MCH-STABILIZER-01,SKU-SB-CANTER-01,2026-07-16 16:00:00,452,428,24,9,Bending Angle Angular Deviation
QC-7381,MCH-STABILIZER-01,SKU-SB-CANTER-01,2026-07-17 00:00:00,456,441,15,7,Surface Micro-Crack Defect
QC-7382,MCH-TESTING-01,SKU-LS-HINO-01,2026-07-16 08:00:00,530,501,29,6,Shot Peening Surface Roughness Fail
QC-7383,MCH-TESTING-01,SKU-LS-HINO-01,2026-07-16 16:00:00,644,630,14,6,Quenching Hardness Non-Conforming
QC-7384,MCH-TESTING-01,SKU-LS-HINO-01,2026-07-17 00:00:00,576,569,7,2,Bending Angle Angular Deviation
QC-7385,MCH-COILING-01,SKU-CS-TOYOTA-01,2026-07-17 08:00:00,892,868,24,7,Free Height Dimension Out-of-Spec
QC-7386,MCH-COILING-01,SKU-CS-TOYOTA-01,2026-07-17 16:00:00,876,848,28,11,Surface Micro-Crack Defect
QC-7387,MCH-COILING-01,SKU-CS-TOYOTA-01,2026-07-18 00:00:00,905,888,17,3,Shot Peening Surface Roughness Fail
QC-7388,MCH-COILING-02,SKU-CS-HONDA-02,2026-07-17 08:00:00,893,844,49,21,Bending Angle Angular Deviation
QC-7389,MCH-COILING-02,SKU-CS-HONDA-02,2026-07-17 16:00:00,1013,986,27,11,Surface Micro-Crack Defect
QC-7390,MCH-COILING-02,SKU-CS-HONDA-02,2026-07-18 00:00:00,1028,1006,22,8,Bending Angle Angular Deviation
QC-7391,MCH-HEATTREAT-01,SKU-LS-ISUZU-02,2026-07-17 08:00:00,491,479,12,5,Quenching Hardness Non-Conforming
QC-7392,MCH-HEATTREAT-01,SKU-LS-ISUZU-02,2026-07-17 16:00:00,497,480,17,4,Surface Micro-Crack Defect
QC-7393,MCH-HEATTREAT-01,SKU-LS-ISUZU-02,2026-07-18 00:00:00,491,464,27,11,Surface Micro-Crack Defect
QC-7394,MCH-TEMPERING-01,SKU-LS-ISUZU-02,2026-07-17 08:00:00,528,514,14,5,Free Height Dimension Out-of-Spec
QC-7395,MCH-TEMPERING-01,SKU-LS-ISUZU-02,2026-07-17 16:00:00,511,505,6,1,Bending Angle Angular Deviation
QC-7396,MCH-TEMPERING-01,SKU-LS-ISUZU-02,2026-07-18 00:00:00,506,499,7,1,Bending Angle Angular Deviation
QC-7397,MCH-SHOTPEEN-01,SKU-LS-HINO-01,2026-07-17 08:00:00,525,497,28,8,Surface Micro-Crack Defect
QC-7398,MCH-SHOTPEEN-01,SKU-LS-HINO-01,2026-07-17 16:00:00,620,610,10,4,Quenching Hardness Non-Conforming
QC-7399,MCH-SHOTPEEN-01,SKU-LS-HINO-01,2026-07-18 00:00:00,599,584,15,4,Shot Peening Surface Roughness Fail
QC-7400,MCH-PRESS-01,SKU-LS-HINO-01,2026-07-17 08:00:00,497,470,27,11,Free Height Dimension Out-of-Spec
QC-7401,MCH-PRESS-01,SKU-LS-HINO-01,2026-07-17 16:00:00,570,539,31,10,Free Height Dimension Out-of-Spec
QC-7402,MCH-PRESS-01,SKU-LS-HINO-01,2026-07-18 00:00:00,588,571,17,6,Surface Micro-Crack Defect
QC-7403,MCH-STABILIZER-01,SKU-SB-CANTER-01,2026-07-17 08:00:00,426,403,23,5,Bending Angle Angular Deviation
QC-7404,MCH-STABILIZER-01,SKU-SB-CANTER-01,2026-07-17 16:00:00,433,425,8,2,Bending Angle Angular Deviation
QC-7405,MCH-STABILIZER-01,SKU-SB-CANTER-01,2026-07-18 00:00:00,422,416,6,1,Quenching Hardness Non-Conforming
QC-7406,MCH-TESTING-01,SKU-LS-ISUZU-02,2026-07-17 08:00:00,467,460,7,2,Shot Peening Surface Roughness Fail
QC-7407,MCH-TESTING-01,SKU-LS-ISUZU-02,2026-07-17 16:00:00,500,473,27,11,Free Height Dimension Out-of-Spec
QC-7408,MCH-TESTING-01,SKU-LS-ISUZU-02,2026-07-18 00:00:00,463,449,14,5,Shot Peening Surface Roughness Fail
QC-7409,MCH-COILING-01,SKU-CS-TOYOTA-01,2026-07-18 08:00:00,914,888,26,11,Quenching Hardness Non-Conforming
QC-7410,MCH-COILING-01,SKU-CS-TOYOTA-01,2026-07-18 16:00:00,844,818,26,5,Surface Micro-Crack Defect
QC-7411,MCH-COILING-01,SKU-CS-TOYOTA-01,2026-07-19 00:00:00,872,849,23,10,Shot Peening Surface Roughness Fail
QC-7412,MCH-COILING-02,SKU-CS-TOYOTA-01,2026-07-18 08:00:00,926,912,14,6,Bending Angle Angular Deviation
QC-7413,MCH-COILING-02,SKU-CS-TOYOTA-01,2026-07-18 16:00:00,875,863,12,5,Surface Micro-Crack Defect
QC-7414,MCH-COILING-02,SKU-CS-TOYOTA-01,2026-07-19 00:00:00,963,936,27,13,Quenching Hardness Non-Conforming
QC-7415,MCH-HEATTREAT-01,SKU-LS-ISUZU-02,2026-07-18 08:00:00,371,351,20,5,Quenching Hardness Non-Conforming
QC-7416,MCH-HEATTREAT-01,SKU-LS-ISUZU-02,2026-07-18 16:00:00,481,472,9,3,Quenching Hardness Non-Conforming
QC-7417,MCH-HEATTREAT-01,SKU-LS-ISUZU-02,2026-07-19 00:00:00,510,494,16,4,Bending Angle Angular Deviation
QC-7418,MCH-TEMPERING-01,SKU-LS-HINO-01,2026-07-18 08:00:00,574,561,13,3,Bending Angle Angular Deviation
QC-7419,MCH-TEMPERING-01,SKU-LS-HINO-01,2026-07-18 16:00:00,549,519,30,9,Free Height Dimension Out-of-Spec
QC-7420,MCH-TEMPERING-01,SKU-LS-HINO-01,2026-07-19 00:00:00,592,576,16,6,Shot Peening Surface Roughness Fail
QC-7421,MCH-SHOTPEEN-01,SKU-LS-ISUZU-02,2026-07-18 08:00:00,507,490,17,5,Free Height Dimension Out-of-Spec
QC-7422,MCH-SHOTPEEN-01,SKU-LS-ISUZU-02,2026-07-18 16:00:00,460,435,25,7,Quenching Hardness Non-Conforming
QC-7423,MCH-SHOTPEEN-01,SKU-LS-ISUZU-02,2026-07-19 00:00:00,496,469,27,9,Free Height Dimension Out-of-Spec
QC-7424,MCH-PRESS-01,SKU-LS-ISUZU-02,2026-07-18 08:00:00,489,479,10,4,Bending Angle Angular Deviation
QC-7425,MCH-PRESS-01,SKU-LS-ISUZU-02,2026-07-18 16:00:00,517,509,8,1,Surface Micro-Crack Defect
QC-7426,MCH-PRESS-01,SKU-LS-ISUZU-02,2026-07-19 00:00:00,467,461,6,2,Shot Peening Surface Roughness Fail
QC-7427,MCH-STABILIZER-01,SKU-SB-AVANZA-02,2026-07-18 08:00:00,647,630,17,4,Surface Micro-Crack Defect
QC-7428,MCH-STABILIZER-01,SKU-SB-AVANZA-02,2026-07-18 16:00:00,692,654,38,13,Free Height Dimension Out-of-Spec
QC-7429,MCH-STABILIZER-01,SKU-SB-AVANZA-02,2026-07-19 00:00:00,623,589,34,7,Surface Micro-Crack Defect
QC-7430,MCH-TESTING-01,SKU-LS-ISUZU-02,2026-07-18 08:00:00,488,474,14,6,Shot Peening Surface Roughness Fail
QC-7431,MCH-TESTING-01,SKU-LS-ISUZU-02,2026-07-18 16:00:00,499,489,10,4,Shot Peening Surface Roughness Fail
QC-7432,MCH-TESTING-01,SKU-LS-ISUZU-02,2026-07-19 00:00:00,523,515,8,2,Surface Micro-Crack Defect
QC-7433,MCH-COILING-01,SKU-CS-HONDA-02,2026-07-19 08:00:00,927,877,50,12,Quenching Hardness Non-Conforming
QC-7434,MCH-COILING-01,SKU-CS-HONDA-02,2026-07-19 16:00:00,939,923,16,7,Bending Angle Angular Deviation
QC-7435,MCH-COILING-01,SKU-CS-HONDA-02,2026-07-20 00:00:00,950,935,15,3,Free Height Dimension Out-of-Spec
QC-7436,MCH-COILING-02,SKU-CS-TOYOTA-01,2026-07-19 08:00:00,818,774,44,17,Bending Angle Angular Deviation
QC-7437,MCH-COILING-02,SKU-CS-TOYOTA-01,2026-07-19 16:00:00,918,899,19,4,Surface Micro-Crack Defect
QC-7438,MCH-COILING-02,SKU-CS-TOYOTA-01,2026-07-20 00:00:00,896,880,16,7,Bending Angle Angular Deviation
QC-7439,MCH-HEATTREAT-01,SKU-LS-HINO-01,2026-07-19 08:00:00,600,590,10,4,Free Height Dimension Out-of-Spec
QC-7440,MCH-HEATTREAT-01,SKU-LS-HINO-01,2026-07-19 16:00:00,560,541,19,8,Quenching Hardness Non-Conforming
QC-7441,MCH-HEATTREAT-01,SKU-LS-HINO-01,2026-07-20 00:00:00,518,490,28,6,Shot Peening Surface Roughness Fail
QC-7442,MCH-TEMPERING-01,SKU-LS-HINO-01,2026-07-19 08:00:00,578,559,19,8,Quenching Hardness Non-Conforming
QC-7443,MCH-TEMPERING-01,SKU-LS-HINO-01,2026-07-19 16:00:00,576,569,7,2,Quenching Hardness Non-Conforming
QC-7444,MCH-TEMPERING-01,SKU-LS-HINO-01,2026-07-20 00:00:00,630,620,10,4,Free Height Dimension Out-of-Spec
QC-7445,MCH-SHOTPEEN-01,SKU-LS-ISUZU-02,2026-07-19 08:00:00,477,470,7,1,Bending Angle Angular Deviation
QC-7446,MCH-SHOTPEEN-01,SKU-LS-ISUZU-02,2026-07-19 16:00:00,492,476,16,3,Bending Angle Angular Deviation
QC-7447,MCH-SHOTPEEN-01,SKU-LS-ISUZU-02,2026-07-20 00:00:00,469,457,12,4,Shot Peening Surface Roughness Fail
QC-7448,MCH-PRESS-01,SKU-LS-ISUZU-02,2026-07-19 08:00:00,515,504,11,2,Bending Angle Angular Deviation
QC-7449,MCH-PRESS-01,SKU-LS-ISUZU-02,2026-07-19 16:00:00,519,506,13,5,Free Height Dimension Out-of-Spec
QC-7450,MCH-PRESS-01,SKU-LS-ISUZU-02,2026-07-20 00:00:00,463,452,11,3,Free Height Dimension Out-of-Spec
QC-7451,MCH-STABILIZER-01,SKU-SB-AVANZA-02,2026-07-19 08:00:00,682,672,10,3,Surface Micro-Crack Defect
QC-7452,MCH-STABILIZER-01,SKU-SB-AVANZA-02,2026-07-19 16:00:00,660,644,16,3,Quenching Hardness Non-Conforming
QC-7453,MCH-STABILIZER-01,SKU-SB-AVANZA-02,2026-07-20 00:00:00,732,711,21,10,Bending Angle Angular Deviation
QC-7454,MCH-TESTING-01,SKU-LS-HINO-01,2026-07-19 08:00:00,567,553,14,6,Free Height Dimension Out-of-Spec
QC-7455,MCH-TESTING-01,SKU-LS-HINO-01,2026-07-19 16:00:00,586,567,19,8,Surface Micro-Crack Defect
QC-7456,MCH-TESTING-01,SKU-LS-HINO-01,2026-07-20 00:00:00,649,638,11,4,Quenching Hardness Non-Conforming
QC-7457,MCH-COILING-01,SKU-CS-HONDA-02,2026-07-20 08:00:00,975,956,19,5,Bending Angle Angular Deviation
QC-7458,MCH-COILING-01,SKU-CS-HONDA-02,2026-07-20 16:00:00,1040,1009,31,10,Surface Micro-Crack Defect
QC-7459,MCH-COILING-01,SKU-CS-HONDA-02,2026-07-21 00:00:00,905,888,17,7,Surface Micro-Crack Defect
QC-7460,MCH-COILING-02,SKU-CS-HONDA-02,2026-07-20 08:00:00,1010,983,27,12,Quenching Hardness Non-Conforming
QC-7461,MCH-COILING-02,SKU-CS-HONDA-02,2026-07-20 16:00:00,1048,1029,19,7,Quenching Hardness Non-Conforming
QC-7462,MCH-COILING-02,SKU-CS-HONDA-02,2026-07-21 00:00:00,994,970,24,11,Free Height Dimension Out-of-Spec
QC-7463,MCH-HEATTREAT-01,SKU-LS-HINO-01,2026-07-20 08:00:00,573,542,31,10,Shot Peening Surface Roughness Fail
QC-7464,MCH-HEATTREAT-01,SKU-LS-HINO-01,2026-07-20 16:00:00,540,511,29,8,Bending Angle Angular Deviation
QC-7465,MCH-HEATTREAT-01,SKU-LS-HINO-01,2026-07-21 00:00:00,629,612,17,4,Quenching Hardness Non-Conforming
QC-7466,MCH-TEMPERING-01,SKU-LS-HINO-01,2026-07-20 08:00:00,657,636,21,9,Bending Angle Angular Deviation
QC-7467,MCH-TEMPERING-01,SKU-LS-HINO-01,2026-07-20 16:00:00,565,551,14,6,Quenching Hardness Non-Conforming
QC-7468,MCH-TEMPERING-01,SKU-LS-HINO-01,2026-07-21 00:00:00,591,583,8,3,Quenching Hardness Non-Conforming
QC-7469,MCH-SHOTPEEN-01,SKU-LS-ISUZU-02,2026-07-20 08:00:00,501,474,27,8,Surface Micro-Crack Defect
QC-7470,MCH-SHOTPEEN-01,SKU-LS-ISUZU-02,2026-07-20 16:00:00,475,467,8,3,Quenching Hardness Non-Conforming
QC-7471,MCH-SHOTPEEN-01,SKU-LS-ISUZU-02,2026-07-21 00:00:00,495,482,13,6,Free Height Dimension Out-of-Spec
QC-7472,MCH-PRESS-01,SKU-LS-HINO-01,2026-07-20 08:00:00,656,641,15,4,Surface Micro-Crack Defect
QC-7473,MCH-PRESS-01,SKU-LS-HINO-01,2026-07-20 16:00:00,563,556,7,2,Free Height Dimension Out-of-Spec
QC-7474,MCH-PRESS-01,SKU-LS-HINO-01,2026-07-21 00:00:00,626,608,18,5,Quenching Hardness Non-Conforming
QC-7475,MCH-STABILIZER-01,SKU-SB-AVANZA-02,2026-07-20 08:00:00,647,625,22,5,Bending Angle Angular Deviation
QC-7476,MCH-STABILIZER-01,SKU-SB-AVANZA-02,2026-07-20 16:00:00,691,683,8,2,Quenching Hardness Non-Conforming
QC-7477,MCH-STABILIZER-01,SKU-SB-AVANZA-02,2026-07-21 00:00:00,640,605,35,12,Bending Angle Angular Deviation
QC-7478,MCH-TESTING-01,SKU-LS-HINO-01,2026-07-20 08:00:00,623,604,19,6,Quenching Hardness Non-Conforming
QC-7479,MCH-TESTING-01,SKU-LS-HINO-01,2026-07-20 16:00:00,580,569,11,2,Shot Peening Surface Roughness Fail
QC-7480,MCH-TESTING-01,SKU-LS-HINO-01,2026-07-21 00:00:00,594,584,10,2,Shot Peening Surface Roughness Fail
QC-7481,MCH-COILING-01,SKU-CS-HONDA-02,2026-07-21 08:00:00,1037,1019,18,8,Quenching Hardness Non-Conforming
QC-7482,MCH-COILING-01,SKU-CS-HONDA-02,2026-07-21 16:00:00,975,957,18,8,Bending Angle Angular Deviation
QC-7483,MCH-COILING-01,SKU-CS-HONDA-02,2026-07-22 00:00:00,964,950,14,3,Shot Peening Surface Roughness Fail
QC-7484,MCH-COILING-02,SKU-CS-HONDA-02,2026-07-21 08:00:00,947,928,19,8,Free Height Dimension Out-of-Spec
QC-7485,MCH-COILING-02,SKU-CS-HONDA-02,2026-07-21 16:00:00,925,909,16,3,Shot Peening Surface Roughness Fail
QC-7486,MCH-COILING-02,SKU-CS-HONDA-02,2026-07-22 00:00:00,852,806,46,13,Free Height Dimension Out-of-Spec
QC-7487,MCH-HEATTREAT-01,SKU-LS-ISUZU-02,2026-07-21 08:00:00,472,464,8,2,Surface Micro-Crack Defect
QC-7488,MCH-HEATTREAT-01,SKU-LS-ISUZU-02,2026-07-21 16:00:00,497,485,12,4,Surface Micro-Crack Defect
QC-7489,MCH-HEATTREAT-01,SKU-LS-ISUZU-02,2026-07-22 00:00:00,512,502,10,3,Quenching Hardness Non-Conforming
QC-7490,MCH-TEMPERING-01,SKU-LS-ISUZU-02,2026-07-21 08:00:00,520,513,7,1,Shot Peening Surface Roughness Fail
QC-7491,MCH-TEMPERING-01,SKU-LS-ISUZU-02,2026-07-21 16:00:00,489,480,9,1,Quenching Hardness Non-Conforming
QC-7492,MCH-TEMPERING-01,SKU-LS-ISUZU-02,2026-07-22 00:00:00,502,491,11,4,Bending Angle Angular Deviation
QC-7493,MCH-SHOTPEEN-01,SKU-LS-HINO-01,2026-07-21 08:00:00,533,504,29,9,Bending Angle Angular Deviation
QC-7494,MCH-SHOTPEEN-01,SKU-LS-HINO-01,2026-07-21 16:00:00,603,589,14,5,Quenching Hardness Non-Conforming
QC-7495,MCH-SHOTPEEN-01,SKU-LS-HINO-01,2026-07-22 00:00:00,568,537,31,10,Quenching Hardness Non-Conforming
QC-7496,MCH-PRESS-01,SKU-LS-ISUZU-02,2026-07-21 08:00:00,474,460,14,5,Free Height Dimension Out-of-Spec
QC-7497,MCH-PRESS-01,SKU-LS-ISUZU-02,2026-07-21 16:00:00,503,494,9,3,Free Height Dimension Out-of-Spec
QC-7498,MCH-PRESS-01,SKU-LS-ISUZU-02,2026-07-22 00:00:00,443,419,24,7,Surface Micro-Crack Defect
QC-7499,MCH-STABILIZER-01,SKU-SB-AVANZA-02,2026-07-21 08:00:00,680,643,37,16,Quenching Hardness Non-Conforming
QC-7500,MCH-STABILIZER-01,SKU-SB-AVANZA-02,2026-07-21 16:00:00,736,722,14,5,Free Height Dimension Out-of-Spec
QC-7501,MCH-STABILIZER-01,SKU-SB-AVANZA-02,2026-07-22 00:00:00,592,560,32,7,Free Height Dimension Out-of-Spec
QC-7502,MCH-TESTING-01,SKU-LS-HINO-01,2026-07-21 08:00:00,598,566,32,8,Surface Micro-Crack Defect
QC-7503,MCH-TESTING-01,SKU-LS-HINO-01,2026-07-21 16:00:00,644,627,17,6,Quenching Hardness Non-Conforming
QC-7504,MCH-TESTING-01,SKU-LS-HINO-01,2026-07-22 00:00:00,634,619,15,3,Shot Peening Surface Roughness Fail
QC-7505,MCH-COILING-01,SKU-CS-HONDA-02,2026-07-22 08:00:00,958,938,20,8,Quenching Hardness Non-Conforming
QC-7506,MCH-COILING-01,SKU-CS-HONDA-02,2026-07-22 16:00:00,946,930,16,7,Bending Angle Angular Deviation
QC-7507,MCH-COILING-01,SKU-CS-HONDA-02,2026-07-23 00:00:00,909,879,30,8,Quenching Hardness Non-Conforming
QC-7508,MCH-COILING-02,SKU-CS-TOYOTA-01,2026-07-22 08:00:00,840,794,46,12,Quenching Hardness Non-Conforming
QC-7509,MCH-COILING-02,SKU-CS-TOYOTA-01,2026-07-22 16:00:00,851,840,11,5,Surface Micro-Crack Defect
QC-7510,MCH-COILING-02,SKU-CS-TOYOTA-01,2026-07-23 00:00:00,857,837,20,8,Quenching Hardness Non-Conforming
QC-7511,MCH-HEATTREAT-01,SKU-LS-HINO-01,2026-07-22 08:00:00,584,577,7,1,Quenching Hardness Non-Conforming
QC-7512,MCH-HEATTREAT-01,SKU-LS-HINO-01,2026-07-22 16:00:00,579,548,31,6,Free Height Dimension Out-of-Spec
QC-7513,MCH-HEATTREAT-01,SKU-LS-HINO-01,2026-07-23 00:00:00,631,616,15,3,Surface Micro-Crack Defect
QC-7514,MCH-TEMPERING-01,SKU-LS-ISUZU-02,2026-07-22 08:00:00,489,483,6,2,Shot Peening Surface Roughness Fail
QC-7515,MCH-TEMPERING-01,SKU-LS-ISUZU-02,2026-07-22 16:00:00,501,490,11,4,Shot Peening Surface Roughness Fail
QC-7516,MCH-TEMPERING-01,SKU-LS-ISUZU-02,2026-07-23 00:00:00,465,460,5,2,Quenching Hardness Non-Conforming
QC-7517,MCH-SHOTPEEN-01,SKU-LS-ISUZU-02,2026-07-22 08:00:00,495,488,7,1,Surface Micro-Crack Defect
QC-7518,MCH-SHOTPEEN-01,SKU-LS-ISUZU-02,2026-07-22 16:00:00,489,479,10,2,Shot Peening Surface Roughness Fail
QC-7519,MCH-SHOTPEEN-01,SKU-LS-ISUZU-02,2026-07-23 00:00:00,483,470,13,3,Free Height Dimension Out-of-Spec
QC-7520,MCH-PRESS-01,SKU-LS-HINO-01,2026-07-22 08:00:00,629,622,7,3,Shot Peening Surface Roughness Fail
QC-7521,MCH-PRESS-01,SKU-LS-HINO-01,2026-07-22 16:00:00,624,609,15,5,Bending Angle Angular Deviation
QC-7522,MCH-PRESS-01,SKU-LS-HINO-01,2026-07-23 00:00:00,586,576,10,4,Free Height Dimension Out-of-Spec
QC-7523,MCH-STABILIZER-01,SKU-SB-CANTER-01,2026-07-22 08:00:00,431,419,12,3,Quenching Hardness Non-Conforming
QC-7524,MCH-STABILIZER-01,SKU-SB-CANTER-01,2026-07-22 16:00:00,429,406,23,10,Quenching Hardness Non-Conforming
QC-7525,MCH-STABILIZER-01,SKU-SB-CANTER-01,2026-07-23 00:00:00,437,429,8,1,Bending Angle Angular Deviation
QC-7526,MCH-TESTING-01,SKU-LS-HINO-01,2026-07-22 08:00:00,577,568,9,2,Surface Micro-Crack Defect
QC-7527,MCH-TESTING-01,SKU-LS-HINO-01,2026-07-22 16:00:00,636,627,9,3,Surface Micro-Crack Defect
QC-7528,MCH-TESTING-01,SKU-LS-HINO-01,2026-07-23 00:00:00,632,617,15,6,Quenching Hardness Non-Conforming
QC-7529,MCH-COILING-01,SKU-CS-TOYOTA-01,2026-07-23 08:00:00,953,940,13,4,Free Height Dimension Out-of-Spec
QC-7530,MCH-COILING-01,SKU-CS-TOYOTA-01,2026-07-23 16:00:00,867,820,47,15,Shot Peening Surface Roughness Fail
QC-7531,MCH-COILING-01,SKU-CS-TOYOTA-01,2026-07-24 00:00:00,843,824,19,7,Shot Peening Surface Roughness Fail
QC-7532,MCH-COILING-02,SKU-CS-HONDA-02,2026-07-23 08:00:00,962,937,25,5,Free Height Dimension Out-of-Spec
QC-7533,MCH-COILING-02,SKU-CS-HONDA-02,2026-07-23 16:00:00,983,969,14,5,Bending Angle Angular Deviation
QC-7534,MCH-COILING-02,SKU-CS-HONDA-02,2026-07-24 00:00:00,959,932,27,9,Shot Peening Surface Roughness Fail
QC-7535,MCH-HEATTREAT-01,SKU-LS-HINO-01,2026-07-23 08:00:00,558,528,30,14,Surface Micro-Crack Defect
QC-7536,MCH-HEATTREAT-01,SKU-LS-HINO-01,2026-07-23 16:00:00,609,596,13,3,Bending Angle Angular Deviation
QC-7537,MCH-HEATTREAT-01,SKU-LS-HINO-01,2026-07-24 00:00:00,636,617,19,5,Shot Peening Surface Roughness Fail
QC-7538,MCH-TEMPERING-01,SKU-LS-HINO-01,2026-07-23 08:00:00,656,637,19,7,Quenching Hardness Non-Conforming
QC-7539,MCH-TEMPERING-01,SKU-LS-HINO-01,2026-07-23 16:00:00,607,598,9,3,Free Height Dimension Out-of-Spec
QC-7540,MCH-TEMPERING-01,SKU-LS-HINO-01,2026-07-24 00:00:00,536,507,29,12,Free Height Dimension Out-of-Spec
QC-7541,MCH-SHOTPEEN-01,SKU-LS-HINO-01,2026-07-23 08:00:00,582,575,7,2,Quenching Hardness Non-Conforming
QC-7542,MCH-SHOTPEEN-01,SKU-LS-HINO-01,2026-07-23 16:00:00,582,571,11,4,Shot Peening Surface Roughness Fail
QC-7543,MCH-SHOTPEEN-01,SKU-LS-HINO-01,2026-07-24 00:00:00,558,549,9,3,Shot Peening Surface Roughness Fail
QC-7544,MCH-PRESS-01,SKU-LS-HINO-01,2026-07-23 08:00:00,627,611,16,3,Surface Micro-Crack Defect
QC-7545,MCH-PRESS-01,SKU-LS-HINO-01,2026-07-23 16:00:00,640,621,19,4,Shot Peening Surface Roughness Fail
QC-7546,MCH-PRESS-01,SKU-LS-HINO-01,2026-07-24 00:00:00,598,579,19,7,Surface Micro-Crack Defect
QC-7547,MCH-STABILIZER-01,SKU-SB-AVANZA-02,2026-07-23 08:00:00,666,656,10,2,Quenching Hardness Non-Conforming
QC-7548,MCH-STABILIZER-01,SKU-SB-AVANZA-02,2026-07-23 16:00:00,677,640,37,9,Shot Peening Surface Roughness Fail
QC-7549,MCH-STABILIZER-01,SKU-SB-AVANZA-02,2026-07-24 00:00:00,706,697,9,2,Bending Angle Angular Deviation
QC-7550,MCH-TESTING-01,SKU-LS-ISUZU-02,2026-07-23 08:00:00,484,471,13,4,Surface Micro-Crack Defect
QC-7551,MCH-TESTING-01,SKU-LS-ISUZU-02,2026-07-23 16:00:00,490,483,7,1,Quenching Hardness Non-Conforming
QC-7552,MCH-TESTING-01,SKU-LS-ISUZU-02,2026-07-24 00:00:00,474,467,7,1,Bending Angle Angular Deviation
QC-7553,MCH-COILING-01,SKU-CS-HONDA-02,2026-07-24 08:00:00,1021,997,24,10,Free Height Dimension Out-of-Spec
QC-7554,MCH-COILING-01,SKU-CS-HONDA-02,2026-07-24 16:00:00,999,975,24,8,Shot Peening Surface Roughness Fail
QC-7555,MCH-COILING-01,SKU-CS-HONDA-02,2026-07-25 00:00:00,887,860,27,12,Quenching Hardness Non-Conforming
QC-7556,MCH-COILING-02,SKU-CS-HONDA-02,2026-07-24 08:00:00,958,945,13,5,Free Height Dimension Out-of-Spec
QC-7557,MCH-COILING-02,SKU-CS-HONDA-02,2026-07-24 16:00:00,937,915,22,7,Bending Angle Angular Deviation
QC-7558,MCH-COILING-02,SKU-CS-HONDA-02,2026-07-25 00:00:00,975,922,53,14,Free Height Dimension Out-of-Spec
QC-7559,MCH-HEATTREAT-01,SKU-LS-ISUZU-02,2026-07-24 08:00:00,480,464,16,6,Free Height Dimension Out-of-Spec
QC-7560,MCH-HEATTREAT-01,SKU-LS-ISUZU-02,2026-07-24 16:00:00,423,400,23,9,Free Height Dimension Out-of-Spec
QC-7561,MCH-HEATTREAT-01,SKU-LS-ISUZU-02,2026-07-25 00:00:00,463,449,14,6,Surface Micro-Crack Defect
QC-7562,MCH-TEMPERING-01,SKU-LS-HINO-01,2026-07-24 08:00:00,608,589,19,6,Quenching Hardness Non-Conforming
QC-7563,MCH-TEMPERING-01,SKU-LS-HINO-01,2026-07-24 16:00:00,615,605,10,3,Bending Angle Angular Deviation
QC-7564,MCH-TEMPERING-01,SKU-LS-HINO-01,2026-07-25 00:00:00,615,603,12,4,Shot Peening Surface Roughness Fail
QC-7565,MCH-SHOTPEEN-01,SKU-LS-HINO-01,2026-07-24 08:00:00,597,583,14,3,Shot Peening Surface Roughness Fail
QC-7566,MCH-SHOTPEEN-01,SKU-LS-HINO-01,2026-07-24 16:00:00,582,550,32,7,Surface Micro-Crack Defect
QC-7567,MCH-SHOTPEEN-01,SKU-LS-HINO-01,2026-07-25 00:00:00,643,622,21,8,Free Height Dimension Out-of-Spec
QC-7568,MCH-PRESS-01,SKU-LS-HINO-01,2026-07-24 08:00:00,606,593,13,4,Bending Angle Angular Deviation
QC-7569,MCH-PRESS-01,SKU-LS-HINO-01,2026-07-24 16:00:00,651,643,8,2,Shot Peening Surface Roughness Fail
QC-7570,MCH-PRESS-01,SKU-LS-HINO-01,2026-07-25 00:00:00,616,597,19,5,Bending Angle Angular Deviation
QC-7571,MCH-STABILIZER-01,SKU-SB-AVANZA-02,2026-07-24 08:00:00,679,642,37,13,Shot Peening Surface Roughness Fail
QC-7572,MCH-STABILIZER-01,SKU-SB-AVANZA-02,2026-07-24 16:00:00,530,501,29,11,Quenching Hardness Non-Conforming
QC-7573,MCH-STABILIZER-01,SKU-SB-AVANZA-02,2026-07-25 00:00:00,659,623,36,17,Free Height Dimension Out-of-Spec
QC-7574,MCH-TESTING-01,SKU-LS-HINO-01,2026-07-24 08:00:00,605,596,9,4,Bending Angle Angular Deviation
QC-7575,MCH-TESTING-01,SKU-LS-HINO-01,2026-07-24 16:00:00,632,622,10,2,Bending Angle Angular Deviation
QC-7576,MCH-TESTING-01,SKU-LS-HINO-01,2026-07-25 00:00:00,615,599,16,5,Shot Peening Surface Roughness Fail
QC-7577,MCH-COILING-01,SKU-CS-TOYOTA-01,2026-07-25 08:00:00,937,913,24,10,Free Height Dimension Out-of-Spec
QC-7578,MCH-COILING-01,SKU-CS-TOYOTA-01,2026-07-25 16:00:00,857,810,47,16,Surface Micro-Crack Defect
QC-7579,MCH-COILING-01,SKU-CS-TOYOTA-01,2026-07-26 00:00:00,890,842,48,12,Quenching Hardness Non-Conforming
QC-7580,MCH-COILING-02,SKU-CS-HONDA-02,2026-07-25 08:00:00,935,917,18,8,Bending Angle Angular Deviation
QC-7581,MCH-COILING-02,SKU-CS-HONDA-02,2026-07-25 16:00:00,999,975,24,8,Shot Peening Surface Roughness Fail
QC-7582,MCH-COILING-02,SKU-CS-HONDA-02,2026-07-26 00:00:00,898,887,11,2,Surface Micro-Crack Defect
QC-7583,MCH-HEATTREAT-01,SKU-LS-ISUZU-02,2026-07-25 08:00:00,483,457,26,7,Quenching Hardness Non-Conforming
QC-7584,MCH-HEATTREAT-01,SKU-LS-ISUZU-02,2026-07-25 16:00:00,534,525,9,4,Surface Micro-Crack Defect
QC-7585,MCH-HEATTREAT-01,SKU-LS-ISUZU-02,2026-07-26 00:00:00,466,458,8,3,Quenching Hardness Non-Conforming
QC-7586,MCH-TEMPERING-01,SKU-LS-ISUZU-02,2026-07-25 08:00:00,506,495,11,2,Bending Angle Angular Deviation
QC-7587,MCH-TEMPERING-01,SKU-LS-ISUZU-02,2026-07-25 16:00:00,466,454,12,2,Surface Micro-Crack Defect
QC-7588,MCH-TEMPERING-01,SKU-LS-ISUZU-02,2026-07-26 00:00:00,477,470,7,2,Quenching Hardness Non-Conforming
QC-7589,MCH-SHOTPEEN-01,SKU-LS-ISUZU-02,2026-07-25 08:00:00,472,467,5,1,Quenching Hardness Non-Conforming
QC-7590,MCH-SHOTPEEN-01,SKU-LS-ISUZU-02,2026-07-25 16:00:00,492,479,13,4,Surface Micro-Crack Defect
QC-7591,MCH-SHOTPEEN-01,SKU-LS-ISUZU-02,2026-07-26 00:00:00,462,454,8,3,Bending Angle Angular Deviation
QC-7592,MCH-PRESS-01,SKU-LS-HINO-01,2026-07-25 08:00:00,594,586,8,1,Surface Micro-Crack Defect
QC-7593,MCH-PRESS-01,SKU-LS-HINO-01,2026-07-25 16:00:00,647,639,8,2,Free Height Dimension Out-of-Spec
QC-7594,MCH-PRESS-01,SKU-LS-HINO-01,2026-07-26 00:00:00,595,587,8,3,Quenching Hardness Non-Conforming
QC-7595,MCH-STABILIZER-01,SKU-SB-AVANZA-02,2026-07-25 08:00:00,711,694,17,5,Shot Peening Surface Roughness Fail
QC-7596,MCH-STABILIZER-01,SKU-SB-AVANZA-02,2026-07-25 16:00:00,681,663,18,8,Shot Peening Surface Roughness Fail
QC-7597,MCH-STABILIZER-01,SKU-SB-AVANZA-02,2026-07-26 00:00:00,643,608,35,12,Free Height Dimension Out-of-Spec
QC-7598,MCH-TESTING-01,SKU-LS-ISUZU-02,2026-07-25 08:00:00,468,455,13,3,Quenching Hardness Non-Conforming
QC-7599,MCH-TESTING-01,SKU-LS-ISUZU-02,2026-07-25 16:00:00,522,508,14,6,Bending Angle Angular Deviation
QC-7600,MCH-TESTING-01,SKU-LS-ISUZU-02,2026-07-26 00:00:00,517,506,11,2,Shot Peening Surface Roughness Fail
QC-7601,MCH-COILING-01,SKU-CS-TOYOTA-01,2026-07-26 08:00:00,970,956,14,3,Shot Peening Surface Roughness Fail
QC-7602,MCH-COILING-01,SKU-CS-TOYOTA-01,2026-07-26 16:00:00,860,838,22,7,Surface Micro-Crack Defect
QC-7603,MCH-COILING-01,SKU-CS-TOYOTA-01,2026-07-27 00:00:00,832,818,14,4,Bending Angle Angular Deviation
QC-7604,MCH-COILING-02,SKU-CS-HONDA-02,2026-07-26 08:00:00,606,573,33,16,Bending Angle Angular Deviation
QC-7605,MCH-COILING-02,SKU-CS-HONDA-02,2026-07-26 16:00:00,948,918,30,6,Quenching Hardness Non-Conforming
QC-7606,MCH-COILING-02,SKU-CS-HONDA-02,2026-07-27 00:00:00,991,966,25,9,Surface Micro-Crack Defect
QC-7607,MCH-HEATTREAT-01,SKU-LS-ISUZU-02,2026-07-26 08:00:00,476,468,8,3,Quenching Hardness Non-Conforming
QC-7608,MCH-HEATTREAT-01,SKU-LS-ISUZU-02,2026-07-26 16:00:00,474,467,7,2,Surface Micro-Crack Defect
QC-7609,MCH-HEATTREAT-01,SKU-LS-ISUZU-02,2026-07-27 00:00:00,458,443,15,3,Bending Angle Angular Deviation
QC-7610,MCH-TEMPERING-01,SKU-LS-HINO-01,2026-07-26 08:00:00,602,583,19,4,Shot Peening Surface Roughness Fail
QC-7611,MCH-TEMPERING-01,SKU-LS-HINO-01,2026-07-26 16:00:00,588,570,18,7,Bending Angle Angular Deviation
QC-7612,MCH-TEMPERING-01,SKU-LS-HINO-01,2026-07-27 00:00:00,584,572,12,4,Surface Micro-Crack Defect
QC-7613,MCH-SHOTPEEN-01,SKU-LS-ISUZU-02,2026-07-26 08:00:00,485,471,14,3,Bending Angle Angular Deviation
QC-7614,MCH-SHOTPEEN-01,SKU-LS-ISUZU-02,2026-07-26 16:00:00,514,508,6,2,Free Height Dimension Out-of-Spec
QC-7615,MCH-SHOTPEEN-01,SKU-LS-ISUZU-02,2026-07-27 00:00:00,450,426,24,7,Free Height Dimension Out-of-Spec
QC-7616,MCH-PRESS-01,SKU-LS-ISUZU-02,2026-07-26 08:00:00,500,492,8,3,Free Height Dimension Out-of-Spec
QC-7617,MCH-PRESS-01,SKU-LS-ISUZU-02,2026-07-26 16:00:00,493,484,9,2,Free Height Dimension Out-of-Spec
QC-7618,MCH-PRESS-01,SKU-LS-ISUZU-02,2026-07-27 00:00:00,498,482,16,4,Quenching Hardness Non-Conforming
QC-7619,MCH-STABILIZER-01,SKU-SB-CANTER-01,2026-07-26 08:00:00,438,429,9,2,Bending Angle Angular Deviation
QC-7620,MCH-STABILIZER-01,SKU-SB-CANTER-01,2026-07-26 16:00:00,432,424,8,2,Surface Micro-Crack Defect
QC-7621,MCH-STABILIZER-01,SKU-SB-CANTER-01,2026-07-27 00:00:00,385,364,21,6,Surface Micro-Crack Defect
QC-7622,MCH-TESTING-01,SKU-LS-ISUZU-02,2026-07-26 08:00:00,452,428,24,5,Bending Angle Angular Deviation
QC-7623,MCH-TESTING-01,SKU-LS-ISUZU-02,2026-07-26 16:00:00,467,458,9,2,Bending Angle Angular Deviation
QC-7624,MCH-TESTING-01,SKU-LS-ISUZU-02,2026-07-27 00:00:00,523,511,12,3,Shot Peening Surface Roughness Fail
QC-7625,MCH-COILING-01,SKU-CS-TOYOTA-01,2026-07-27 08:00:00,962,948,14,4,Bending Angle Angular Deviation
QC-7626,MCH-COILING-01,SKU-CS-TOYOTA-01,2026-07-27 16:00:00,959,932,27,11,Quenching Hardness Non-Conforming
QC-7627,MCH-COILING-01,SKU-CS-TOYOTA-01,2026-07-28 00:00:00,863,841,22,7,Bending Angle Angular Deviation
QC-7628,MCH-COILING-02,SKU-CS-TOYOTA-01,2026-07-27 08:00:00,926,898,28,9,Surface Micro-Crack Defect
QC-7629,MCH-COILING-02,SKU-CS-TOYOTA-01,2026-07-27 16:00:00,887,864,23,5,Quenching Hardness Non-Conforming
QC-7630,MCH-COILING-02,SKU-CS-TOYOTA-01,2026-07-28 00:00:00,925,906,19,8,Bending Angle Angular Deviation
QC-7631,MCH-HEATTREAT-01,SKU-LS-HINO-01,2026-07-27 08:00:00,644,625,19,7,Bending Angle Angular Deviation
QC-7632,MCH-HEATTREAT-01,SKU-LS-HINO-01,2026-07-27 16:00:00,577,563,14,4,Free Height Dimension Out-of-Spec
QC-7633,MCH-HEATTREAT-01,SKU-LS-HINO-01,2026-07-28 00:00:00,467,442,25,5,Surface Micro-Crack Defect
QC-7634,MCH-TEMPERING-01,SKU-LS-HINO-01,2026-07-27 08:00:00,644,627,17,6,Free Height Dimension Out-of-Spec
QC-7635,MCH-TEMPERING-01,SKU-LS-HINO-01,2026-07-27 16:00:00,637,629,8,3,Surface Micro-Crack Defect
QC-7636,MCH-TEMPERING-01,SKU-LS-HINO-01,2026-07-28 00:00:00,608,589,19,6,Shot Peening Surface Roughness Fail
QC-7637,MCH-SHOTPEEN-01,SKU-LS-HINO-01,2026-07-27 08:00:00,587,569,18,6,Free Height Dimension Out-of-Spec
QC-7638,MCH-SHOTPEEN-01,SKU-LS-HINO-01,2026-07-27 16:00:00,571,563,8,2,Surface Micro-Crack Defect
QC-7639,MCH-SHOTPEEN-01,SKU-LS-HINO-01,2026-07-28 00:00:00,620,604,16,3,Shot Peening Surface Roughness Fail
QC-7640,MCH-PRESS-01,SKU-LS-ISUZU-02,2026-07-27 08:00:00,490,483,7,2,Bending Angle Angular Deviation
QC-7641,MCH-PRESS-01,SKU-LS-ISUZU-02,2026-07-27 16:00:00,519,505,14,3,Shot Peening Surface Roughness Fail
QC-7642,MCH-PRESS-01,SKU-LS-ISUZU-02,2026-07-28 00:00:00,461,450,11,2,Free Height Dimension Out-of-Spec
QC-7643,MCH-STABILIZER-01,SKU-SB-AVANZA-02,2026-07-27 08:00:00,653,638,15,6,Surface Micro-Crack Defect
QC-7644,MCH-STABILIZER-01,SKU-SB-AVANZA-02,2026-07-27 16:00:00,688,651,37,11,Free Height Dimension Out-of-Spec
QC-7645,MCH-STABILIZER-01,SKU-SB-AVANZA-02,2026-07-28 00:00:00,710,694,16,3,Quenching Hardness Non-Conforming
QC-7646,MCH-TESTING-01,SKU-LS-HINO-01,2026-07-27 08:00:00,614,605,9,2,Surface Micro-Crack Defect
QC-7647,MCH-TESTING-01,SKU-LS-HINO-01,2026-07-27 16:00:00,569,562,7,2,Quenching Hardness Non-Conforming
QC-7648,MCH-TESTING-01,SKU-LS-HINO-01,2026-07-28 00:00:00,576,545,31,7,Shot Peening Surface Roughness Fail
QC-7649,MCH-COILING-01,SKU-CS-TOYOTA-01,2026-07-28 08:00:00,915,889,26,9,Shot Peening Surface Roughness Fail
QC-7650,MCH-COILING-01,SKU-CS-TOYOTA-01,2026-07-28 16:00:00,859,830,29,10,Shot Peening Surface Roughness Fail
QC-7651,MCH-COILING-01,SKU-CS-TOYOTA-01,2026-07-29 00:00:00,924,898,26,12,Surface Micro-Crack Defect
QC-7652,MCH-COILING-02,SKU-CS-TOYOTA-01,2026-07-28 08:00:00,960,931,29,14,Quenching Hardness Non-Conforming
QC-7653,MCH-COILING-02,SKU-CS-TOYOTA-01,2026-07-28 16:00:00,861,814,47,9,Free Height Dimension Out-of-Spec
QC-7654,MCH-COILING-02,SKU-CS-TOYOTA-01,2026-07-29 00:00:00,926,895,31,14,Shot Peening Surface Roughness Fail
QC-7655,MCH-HEATTREAT-01,SKU-LS-ISUZU-02,2026-07-28 08:00:00,440,416,24,6,Free Height Dimension Out-of-Spec
QC-7656,MCH-HEATTREAT-01,SKU-LS-ISUZU-02,2026-07-28 16:00:00,453,429,24,5,Free Height Dimension Out-of-Spec
QC-7657,MCH-HEATTREAT-01,SKU-LS-ISUZU-02,2026-07-29 00:00:00,503,489,14,6,Quenching Hardness Non-Conforming
QC-7658,MCH-TEMPERING-01,SKU-LS-ISUZU-02,2026-07-28 08:00:00,487,472,15,5,Quenching Hardness Non-Conforming
QC-7659,MCH-TEMPERING-01,SKU-LS-ISUZU-02,2026-07-28 16:00:00,504,497,7,2,Free Height Dimension Out-of-Spec
QC-7660,MCH-TEMPERING-01,SKU-LS-ISUZU-02,2026-07-29 00:00:00,506,499,7,1,Bending Angle Angular Deviation
QC-7661,MCH-SHOTPEEN-01,SKU-LS-HINO-01,2026-07-28 08:00:00,643,634,9,3,Quenching Hardness Non-Conforming
QC-7662,MCH-SHOTPEEN-01,SKU-LS-HINO-01,2026-07-28 16:00:00,603,570,33,13,Quenching Hardness Non-Conforming
QC-7663,MCH-SHOTPEEN-01,SKU-LS-HINO-01,2026-07-29 00:00:00,565,555,10,2,Shot Peening Surface Roughness Fail
QC-7664,MCH-PRESS-01,SKU-LS-ISUZU-02,2026-07-28 08:00:00,466,454,12,4,Bending Angle Angular Deviation
QC-7665,MCH-PRESS-01,SKU-LS-ISUZU-02,2026-07-28 16:00:00,481,472,9,3,Quenching Hardness Non-Conforming
QC-7666,MCH-PRESS-01,SKU-LS-ISUZU-02,2026-07-29 00:00:00,487,479,8,2,Shot Peening Surface Roughness Fail
QC-7667,MCH-STABILIZER-01,SKU-SB-CANTER-01,2026-07-28 08:00:00,447,441,6,1,Bending Angle Angular Deviation
QC-7668,MCH-STABILIZER-01,SKU-SB-CANTER-01,2026-07-28 16:00:00,435,426,9,2,Surface Micro-Crack Defect
QC-7669,MCH-STABILIZER-01,SKU-SB-CANTER-01,2026-07-29 00:00:00,420,407,13,5,Bending Angle Angular Deviation
QC-7670,MCH-TESTING-01,SKU-LS-HINO-01,2026-07-28 08:00:00,603,594,9,3,Bending Angle Angular Deviation
QC-7671,MCH-TESTING-01,SKU-LS-HINO-01,2026-07-28 16:00:00,629,611,18,4,Surface Micro-Crack Defect
QC-7672,MCH-TESTING-01,SKU-LS-HINO-01,2026-07-29 00:00:00,571,552,19,7,Free Height Dimension Out-of-Spec
QC-7673,MCH-COILING-01,SKU-CS-HONDA-02,2026-07-29 08:00:00,831,786,45,17,Bending Angle Angular Deviation
QC-7674,MCH-COILING-01,SKU-CS-HONDA-02,2026-07-29 16:00:00,995,981,14,5,Bending Angle Angular Deviation
QC-7675,MCH-COILING-01,SKU-CS-HONDA-02,2026-07-30 00:00:00,957,939,18,6,Quenching Hardness Non-Conforming
QC-7676,MCH-COILING-02,SKU-CS-HONDA-02,2026-07-29 08:00:00,1012,982,30,11,Surface Micro-Crack Defect
QC-7677,MCH-COILING-02,SKU-CS-HONDA-02,2026-07-29 16:00:00,994,973,21,6,Free Height Dimension Out-of-Spec
QC-7678,MCH-COILING-02,SKU-CS-HONDA-02,2026-07-30 00:00:00,905,882,23,10,Shot Peening Surface Roughness Fail
QC-7679,MCH-HEATTREAT-01,SKU-LS-HINO-01,2026-07-29 08:00:00,569,558,11,3,Shot Peening Surface Roughness Fail
QC-7680,MCH-HEATTREAT-01,SKU-LS-HINO-01,2026-07-29 16:00:00,541,512,29,12,Free Height Dimension Out-of-Spec
QC-7681,MCH-HEATTREAT-01,SKU-LS-HINO-01,2026-07-30 00:00:00,571,561,10,3,Free Height Dimension Out-of-Spec
QC-7682,MCH-TEMPERING-01,SKU-LS-HINO-01,2026-07-29 08:00:00,537,508,29,10,Surface Micro-Crack Defect
QC-7683,MCH-TEMPERING-01,SKU-LS-HINO-01,2026-07-29 16:00:00,560,547,13,3,Surface Micro-Crack Defect
QC-7684,MCH-TEMPERING-01,SKU-LS-HINO-01,2026-07-30 00:00:00,611,593,18,8,Bending Angle Angular Deviation
QC-7685,MCH-SHOTPEEN-01,SKU-LS-ISUZU-02,2026-07-29 08:00:00,475,464,11,4,Quenching Hardness Non-Conforming
QC-7686,MCH-SHOTPEEN-01,SKU-LS-ISUZU-02,2026-07-29 16:00:00,451,427,24,8,Bending Angle Angular Deviation
QC-7687,MCH-SHOTPEEN-01,SKU-LS-ISUZU-02,2026-07-30 00:00:00,507,497,10,2,Bending Angle Angular Deviation
QC-7688,MCH-PRESS-01,SKU-LS-HINO-01,2026-07-29 08:00:00,520,492,28,7,Quenching Hardness Non-Conforming
QC-7689,MCH-PRESS-01,SKU-LS-HINO-01,2026-07-29 16:00:00,594,581,13,3,Quenching Hardness Non-Conforming
QC-7690,MCH-PRESS-01,SKU-LS-HINO-01,2026-07-30 00:00:00,629,621,8,2,Shot Peening Surface Roughness Fail
QC-7691,MCH-STABILIZER-01,SKU-SB-AVANZA-02,2026-07-29 08:00:00,670,659,11,3,Shot Peening Surface Roughness Fail
QC-7692,MCH-STABILIZER-01,SKU-SB-AVANZA-02,2026-07-29 16:00:00,632,612,20,8,Shot Peening Surface Roughness Fail
QC-7693,MCH-STABILIZER-01,SKU-SB-AVANZA-02,2026-07-30 00:00:00,668,645,23,5,Bending Angle Angular Deviation
QC-7694,MCH-TESTING-01,SKU-LS-HINO-01,2026-07-29 08:00:00,506,479,27,6,Surface Micro-Crack Defect
QC-7695,MCH-TESTING-01,SKU-LS-HINO-01,2026-07-29 16:00:00,587,569,18,5,Bending Angle Angular Deviation
QC-7696,MCH-TESTING-01,SKU-LS-HINO-01,2026-07-30 00:00:00,609,600,9,1,Free Height Dimension Out-of-Spec
QC-7697,MCH-COILING-01,SKU-CS-HONDA-02,2026-07-30 08:00:00,996,983,13,2,Quenching Hardness Non-Conforming
QC-7698,MCH-COILING-01,SKU-CS-HONDA-02,2026-07-30 16:00:00,964,950,14,3,Surface Micro-Crack Defect
QC-7699,MCH-COILING-01,SKU-CS-HONDA-02,2026-07-31 00:00:00,989,977,12,4,Free Height Dimension Out-of-Spec
QC-7700,MCH-COILING-02,SKU-CS-TOYOTA-01,2026-07-30 08:00:00,877,847,30,10,Quenching Hardness Non-Conforming
QC-7701,MCH-COILING-02,SKU-CS-TOYOTA-01,2026-07-30 16:00:00,966,943,23,9,Shot Peening Surface Roughness Fail
QC-7702,MCH-COILING-02,SKU-CS-TOYOTA-01,2026-07-31 00:00:00,863,835,28,12,Bending Angle Angular Deviation
QC-7703,MCH-HEATTREAT-01,SKU-LS-ISUZU-02,2026-07-30 08:00:00,500,489,11,2,Free Height Dimension Out-of-Spec
QC-7704,MCH-HEATTREAT-01,SKU-LS-ISUZU-02,2026-07-30 16:00:00,513,502,11,4,Free Height Dimension Out-of-Spec
QC-7705,MCH-HEATTREAT-01,SKU-LS-ISUZU-02,2026-07-31 00:00:00,479,453,26,7,Shot Peening Surface Roughness Fail
QC-7706,MCH-TEMPERING-01,SKU-LS-ISUZU-02,2026-07-30 08:00:00,482,472,10,4,Surface Micro-Crack Defect
QC-7707,MCH-TEMPERING-01,SKU-LS-ISUZU-02,2026-07-30 16:00:00,429,406,23,9,Surface Micro-Crack Defect
QC-7708,MCH-TEMPERING-01,SKU-LS-ISUZU-02,2026-07-31 00:00:00,487,473,14,4,Bending Angle Angular Deviation
QC-7709,MCH-SHOTPEEN-01,SKU-LS-ISUZU-02,2026-07-30 08:00:00,465,453,12,3,Bending Angle Angular Deviation
QC-7710,MCH-SHOTPEEN-01,SKU-LS-ISUZU-02,2026-07-30 16:00:00,390,369,21,6,Shot Peening Surface Roughness Fail
QC-7711,MCH-SHOTPEEN-01,SKU-LS-ISUZU-02,2026-07-31 00:00:00,517,511,6,2,Quenching Hardness Non-Conforming
QC-7712,MCH-PRESS-01,SKU-LS-ISUZU-02,2026-07-30 08:00:00,535,518,17,5,Surface Micro-Crack Defect
QC-7713,MCH-PRESS-01,SKU-LS-ISUZU-02,2026-07-30 16:00:00,480,472,8,3,Quenching Hardness Non-Conforming
QC-7714,MCH-PRESS-01,SKU-LS-ISUZU-02,2026-07-31 00:00:00,477,465,12,3,Bending Angle Angular Deviation
QC-7715,MCH-STABILIZER-01,SKU-SB-CANTER-01,2026-07-30 08:00:00,479,464,15,6,Bending Angle Angular Deviation
QC-7716,MCH-STABILIZER-01,SKU-SB-CANTER-01,2026-07-30 16:00:00,475,461,14,5,Bending Angle Angular Deviation
QC-7717,MCH-STABILIZER-01,SKU-SB-CANTER-01,2026-07-31 00:00:00,379,359,20,4,Surface Micro-Crack Defect
QC-7718,MCH-TESTING-01,SKU-LS-ISUZU-02,2026-07-30 08:00:00,472,447,25,10,Surface Micro-Crack Defect
QC-7719,MCH-TESTING-01,SKU-LS-ISUZU-02,2026-07-30 16:00:00,527,518,9,3,Bending Angle Angular Deviation
QC-7720,MCH-TESTING-01,SKU-LS-ISUZU-02,2026-07-31 00:00:00,448,424,24,4,Free Height Dimension Out-of-Spec
