output_id,machine_id,sku_id,shift_number,timestamp,actual_qty_produced,actual_avg_cycle_time_seconds,speed_loss_duration_minutes
OUT-5001,MCH-COILING-01,SKU-CS-HONDA-02,1,2026-07-01 08:00:00,943,30.04,7.8
OUT-5002,MCH-COILING-01,SKU-CS-HONDA-02,2,2026-07-01 16:00:00,985,28.58,10.7
OUT-5003,MCH-COILING-01,SKU-CS-HONDA-02,3,2026-07-02 00:00:00,906,31.08,10.3
OUT-5004,MCH-COILING-02,SKU-CS-TOYOTA-01,1,2026-07-01 08:00:00,881,31.87,11.9
OUT-5005,MCH-COILING-02,SKU-CS-TOYOTA-01,2,2026-07-01 16:00:00,945,30.31,2.3
OUT-5006,MCH-COILING-02,SKU-CS-TOYOTA-01,3,2026-07-02 00:00:00,880,31.95,11.3
OUT-5007,MCH-HEATTREAT-01,SKU-LS-HINO-01,1,2026-07-01 08:00:00,601,47.41,4.6
OUT-5008,MCH-HEATTREAT-01,SKU-LS-HINO-01,2,2026-07-01 16:00:00,583,48.64,6.9
OUT-5009,MCH-HEATTREAT-01,SKU-LS-HINO-01,3,2026-07-02 00:00:00,618,45.95,6.3
OUT-5010,MCH-TEMPERING-01,SKU-LS-HINO-01,1,2026-07-01 08:00:00,562,45.65,9.7
OUT-5011,MCH-TEMPERING-01,SKU-LS-HINO-01,2,2026-07-01 16:00:00,567,49.51,11.5
OUT-5012,MCH-TEMPERING-01,SKU-LS-HINO-01,3,2026-07-02 00:00:00,594,47.7,7.1
OUT-5013,MCH-SHOTPEEN-01,SKU-LS-HINO-01,1,2026-07-01 08:00:00,564,49.81,11.2
OUT-5014,MCH-SHOTPEEN-01,SKU-LS-HINO-01,2,2026-07-01 16:00:00,620,45.41,10.3
OUT-5015,MCH-SHOTPEEN-01,SKU-LS-HINO-01,3,2026-07-02 00:00:00,581,44.12,20.3
OUT-5016,MCH-PRESS-01,SKU-LS-HINO-01,1,2026-07-01 08:00:00,635,44.72,6.2
OUT-5017,MCH-PRESS-01,SKU-LS-HINO-01,2,2026-07-01 16:00:00,592,48.04,6.0
OUT-5018,MCH-PRESS-01,SKU-LS-HINO-01,3,2026-07-02 00:00:00,585,44.86,16.8
OUT-5019,MCH-STABILIZER-01,SKU-SB-CANTER-01,1,2026-07-01 08:00:00,478,59.88,2.7
OUT-5020,MCH-STABILIZER-01,SKU-SB-CANTER-01,2,2026-07-01 16:00:00,472,59.93,7.8
OUT-5021,MCH-STABILIZER-01,SKU-SB-CANTER-01,3,2026-07-02 00:00:00,402,64.06,19.6
OUT-5022,MCH-TESTING-01,SKU-LS-HINO-01,1,2026-07-01 08:00:00,626,44.99,10.6
OUT-5023,MCH-TESTING-01,SKU-LS-HINO-01,2,2026-07-01 16:00:00,573,49.5,6.6
OUT-5024,MCH-TESTING-01,SKU-LS-HINO-01,3,2026-07-02 00:00:00,599,43.87,5.3
OUT-5025,MCH-COILING-01,SKU-CS-HONDA-02,1,2026-07-02 08:00:00,958,29.82,3.4
OUT-5026,MCH-COILING-01,SKU-CS-HONDA-02,2,2026-07-02 16:00:00,940,28.28,3.6
OUT-5027,MCH-COILING-01,SKU-CS-HONDA-02,3,2026-07-03 00:00:00,935,30.26,8.1
OUT-5028,MCH-COILING-02,SKU-CS-HONDA-02,1,2026-07-02 08:00:00,942,30.26,4.7
OUT-5029,MCH-COILING-02,SKU-CS-HONDA-02,2,2026-07-02 16:00:00,968,29.24,7.9
OUT-5030,MCH-COILING-02,SKU-CS-HONDA-02,3,2026-07-03 00:00:00,860,30.3,20.3
OUT-5031,MCH-HEATTREAT-01,SKU-LS-HINO-01,1,2026-07-02 08:00:00,632,44.86,7.3
OUT-5032,MCH-HEATTREAT-01,SKU-LS-HINO-01,2,2026-07-02 16:00:00,398,44.44,11.7
OUT-5033,MCH-HEATTREAT-01,SKU-LS-HINO-01,3,2026-07-03 00:00:00,576,49.28,6.8
OUT-5034,MCH-TEMPERING-01,SKU-LS-HINO-01,1,2026-07-02 08:00:00,624,45.6,5.4
OUT-5035,MCH-TEMPERING-01,SKU-LS-HINO-01,2,2026-07-02 16:00:00,585,48.79,3.9
OUT-5036,MCH-TEMPERING-01,SKU-LS-HINO-01,3,2026-07-03 00:00:00,634,44.62,7.9
OUT-5037,MCH-SHOTPEEN-01,SKU-LS-HINO-01,1,2026-07-02 08:00:00,598,47.37,7.6
OUT-5038,MCH-SHOTPEEN-01,SKU-LS-HINO-01,2,2026-07-02 16:00:00,614,46.37,5.2
OUT-5039,MCH-SHOTPEEN-01,SKU-LS-HINO-01,3,2026-07-03 00:00:00,610,46.52,6.5
OUT-5040,MCH-PRESS-01,SKU-LS-HINO-01,1,2026-07-02 08:00:00,602,47.48,2.9
OUT-5041,MCH-PRESS-01,SKU-LS-HINO-01,2,2026-07-02 16:00:00,588,47.89,10.1
OUT-5042,MCH-PRESS-01,SKU-LS-HINO-01,3,2026-07-03 00:00:00,570,49.04,14.0
OUT-5043,MCH-STABILIZER-01,SKU-SB-CANTER-01,1,2026-07-02 08:00:00,447,63.45,7.2
OUT-5044,MCH-STABILIZER-01,SKU-SB-CANTER-01,2,2026-07-02 16:00:00,434,65.18,8.0
OUT-5045,MCH-STABILIZER-01,SKU-SB-CANTER-01,3,2026-07-03 00:00:00,428,65.78,10.0
OUT-5046,MCH-TESTING-01,SKU-LS-ISUZU-02,1,2026-07-02 08:00:00,506,55.53,11.2
OUT-5047,MCH-TESTING-01,SKU-LS-ISUZU-02,2,2026-07-02 16:00:00,506,55.52,11.4
OUT-5048,MCH-TESTING-01,SKU-LS-ISUZU-02,3,2026-07-03 00:00:00,463,59.3,21.6
OUT-5049,MCH-COILING-01,SKU-CS-TOYOTA-01,1,2026-07-03 08:00:00,931,30.79,2.1
OUT-5050,MCH-COILING-01,SKU-CS-TOYOTA-01,2,2026-07-03 16:00:00,957,29.61,7.7
OUT-5051,MCH-COILING-01,SKU-CS-TOYOTA-01,3,2026-07-04 00:00:00,939,30.12,8.3
OUT-5052,MCH-COILING-02,SKU-CS-HONDA-02,1,2026-07-03 08:00:00,957,29.64,7.0
OUT-5053,MCH-COILING-02,SKU-CS-HONDA-02,2,2026-07-03 16:00:00,960,29.66,5.3
OUT-5054,MCH-COILING-02,SKU-CS-HONDA-02,3,2026-07-04 00:00:00,923,29.8,21.5
OUT-5055,MCH-HEATTREAT-01,SKU-LS-HINO-01,1,2026-07-03 08:00:00,587,48.49,5.2
OUT-5056,MCH-HEATTREAT-01,SKU-LS-HINO-01,2,2026-07-03 16:00:00,615,45.83,9.9
OUT-5057,MCH-HEATTREAT-01,SKU-LS-HINO-01,3,2026-07-04 00:00:00,587,48.44,5.5
OUT-5058,MCH-TEMPERING-01,SKU-LS-HINO-01,1,2026-07-03 08:00:00,607,46.79,6.1
OUT-5059,MCH-TEMPERING-01,SKU-LS-HINO-01,2,2026-07-03 16:00:00,645,43.73,9.9
OUT-5060,MCH-TEMPERING-01,SKU-LS-HINO-01,3,2026-07-04 00:00:00,553,49.46,23.5
OUT-5061,MCH-SHOTPEEN-01,SKU-LS-HINO-01,1,2026-07-03 08:00:00,600,47.61,3.7
OUT-5062,MCH-SHOTPEEN-01,SKU-LS-HINO-01,2,2026-07-03 16:00:00,641,43.96,10.0
OUT-5063,MCH-SHOTPEEN-01,SKU-LS-HINO-01,3,2026-07-04 00:00:00,615,45.89,9.4
OUT-5064,MCH-PRESS-01,SKU-LS-HINO-01,1,2026-07-03 08:00:00,607,44.04,11.6
OUT-5065,MCH-PRESS-01,SKU-LS-HINO-01,2,2026-07-03 16:00:00,582,48.85,5.4
OUT-5066,MCH-PRESS-01,SKU-LS-HINO-01,3,2026-07-04 00:00:00,608,45.5,18.9
OUT-5067,MCH-STABILIZER-01,SKU-SB-CANTER-01,1,2026-07-03 08:00:00,426,67.05,3.6
OUT-5068,MCH-STABILIZER-01,SKU-SB-CANTER-01,2,2026-07-03 16:00:00,435,65.26,6.6
OUT-5069,MCH-STABILIZER-01,SKU-SB-CANTER-01,3,2026-07-04 00:00:00,443,61.92,22.7
OUT-5070,MCH-TESTING-01,SKU-LS-HINO-01,1,2026-07-03 08:00:00,595,47.36,10.0
OUT-5071,MCH-TESTING-01,SKU-LS-HINO-01,2,2026-07-03 16:00:00,629,45.09,6.6
OUT-5072,MCH-TESTING-01,SKU-LS-HINO-01,3,2026-07-04 00:00:00,585,47.43,17.2
OUT-5073,MCH-COILING-01,SKU-CS-HONDA-02,1,2026-07-04 08:00:00,1052,26.96,7.3
OUT-5074,MCH-COILING-01,SKU-CS-HONDA-02,2,2026-07-04 16:00:00,1000,28.6,3.3
OUT-5075,MCH-COILING-01,SKU-CS-HONDA-02,3,2026-07-05 00:00:00,934,29.55,19.6
OUT-5076,MCH-COILING-02,SKU-CS-HONDA-02,1,2026-07-04 08:00:00,1022,27.62,9.5
OUT-5077,MCH-COILING-02,SKU-CS-HONDA-02,2,2026-07-04 16:00:00,1028,27.47,9.3
OUT-5078,MCH-COILING-02,SKU-CS-HONDA-02,3,2026-07-05 00:00:00,866,29.75,12.5
OUT-5079,MCH-HEATTREAT-01,SKU-LS-HINO-01,1,2026-07-04 08:00:00,529,46.23,2.1
OUT-5080,MCH-HEATTREAT-01,SKU-LS-HINO-01,2,2026-07-04 16:00:00,581,49.18,3.4
OUT-5081,MCH-HEATTREAT-01,SKU-LS-HINO-01,3,2026-07-05 00:00:00,586,47.58,15.0
OUT-5082,MCH-TEMPERING-01,SKU-LS-ISUZU-02,1,2026-07-04 08:00:00,501,57.17,2.4
OUT-5083,MCH-TEMPERING-01,SKU-LS-ISUZU-02,2,2026-07-04 16:00:00,535,53.58,2.1
OUT-5084,MCH-TEMPERING-01,SKU-LS-ISUZU-02,3,2026-07-05 00:00:00,489,53.69,19.5
OUT-5085,MCH-SHOTPEEN-01,SKU-LS-ISUZU-02,1,2026-07-04 08:00:00,526,54.34,3.0
OUT-5086,MCH-SHOTPEEN-01,SKU-LS-ISUZU-02,2,2026-07-04 16:00:00,464,60.63,10.5
OUT-5087,MCH-SHOTPEEN-01,SKU-LS-ISUZU-02,3,2026-07-05 00:00:00,495,55.16,24.1
OUT-5088,MCH-PRESS-01,SKU-LS-HINO-01,1,2026-07-04 08:00:00,577,49.22,6.6
OUT-5089,MCH-PRESS-01,SKU-LS-HINO-01,2,2026-07-04 16:00:00,640,44.01,10.0
OUT-5090,MCH-PRESS-01,SKU-LS-HINO-01,3,2026-07-05 00:00:00,544,46.35,16.4
OUT-5091,MCH-STABILIZER-01,SKU-SB-CANTER-01,1,2026-07-04 08:00:00,452,62.24,10.9
OUT-5092,MCH-STABILIZER-01,SKU-SB-CANTER-01,2,2026-07-04 16:00:00,410,64.97,8.8
OUT-5093,MCH-STABILIZER-01,SKU-SB-CANTER-01,3,2026-07-05 00:00:00,438,62.58,22.5
OUT-5094,MCH-TESTING-01,SKU-LS-HINO-01,1,2026-07-04 08:00:00,639,44.27,8.4
OUT-5095,MCH-TESTING-01,SKU-LS-HINO-01,2,2026-07-04 16:00:00,527,49.33,10.5
OUT-5096,MCH-TESTING-01,SKU-LS-HINO-01,3,2026-07-05 00:00:00,616,45.58,11.4
OUT-5097,MCH-COILING-01,SKU-CS-TOYOTA-01,1,2026-07-05 08:00:00,939,30.23,6.8
OUT-5098,MCH-COILING-01,SKU-CS-TOYOTA-01,2,2026-07-05 16:00:00,984,28.87,6.3
OUT-5099,MCH-COILING-01,SKU-CS-TOYOTA-01,3,2026-07-06 00:00:00,819,31.77,6.8
OUT-5100,MCH-COILING-02,SKU-CS-TOYOTA-01,1,2026-07-05 08:00:00,967,29.32,7.4
OUT-5101,MCH-COILING-02,SKU-CS-TOYOTA-01,2,2026-07-05 16:00:00,863,32.67,9.6
OUT-5102,MCH-COILING-02,SKU-CS-TOYOTA-01,3,2026-07-06 00:00:00,855,33.11,7.7
OUT-5103,MCH-HEATTREAT-01,SKU-LS-ISUZU-02,1,2026-07-05 08:00:00,511,55.22,9.3
OUT-5104,MCH-HEATTREAT-01,SKU-LS-ISUZU-02,2,2026-07-05 16:00:00,473,60.01,6.5
OUT-5105,MCH-HEATTREAT-01,SKU-LS-ISUZU-02,3,2026-07-06 00:00:00,471,60.34,5.4
OUT-5106,MCH-TEMPERING-01,SKU-LS-ISUZU-02,1,2026-07-05 08:00:00,521,54.16,9.7
OUT-5107,MCH-TEMPERING-01,SKU-LS-ISUZU-02,2,2026-07-05 16:00:00,485,53.94,10.4
OUT-5108,MCH-TEMPERING-01,SKU-LS-ISUZU-02,3,2026-07-06 00:00:00,466,56.22,17.8
OUT-5109,MCH-SHOTPEEN-01,SKU-LS-ISUZU-02,1,2026-07-05 08:00:00,470,60.91,2.1
OUT-5110,MCH-SHOTPEEN-01,SKU-LS-ISUZU-02,2,2026-07-05 16:00:00,479,59.34,5.6
OUT-5111,MCH-SHOTPEEN-01,SKU-LS-ISUZU-02,3,2026-07-06 00:00:00,532,53.42,5.8
OUT-5112,MCH-PRESS-01,SKU-LS-HINO-01,1,2026-07-05 08:00:00,637,44.59,5.9
OUT-5113,MCH-PRESS-01,SKU-LS-HINO-01,2,2026-07-05 16:00:00,583,48.57,7.6
OUT-5114,MCH-PRESS-01,SKU-LS-HINO-01,3,2026-07-06 00:00:00,636,43.95,13.5
OUT-5115,MCH-STABILIZER-01,SKU-SB-AVANZA-02,1,2026-07-05 08:00:00,636,44.18,11.3
OUT-5116,MCH-STABILIZER-01,SKU-SB-AVANZA-02,2,2026-07-05 16:00:00,696,40.47,10.3
OUT-5117,MCH-STABILIZER-01,SKU-SB-AVANZA-02,3,2026-07-06 00:00:00,632,44.55,10.1
OUT-5118,MCH-TESTING-01,SKU-LS-ISUZU-02,1,2026-07-05 08:00:00,506,55.46,11.9
OUT-5119,MCH-TESTING-01,SKU-LS-ISUZU-02,2,2026-07-05 16:00:00,452,57.67,4.8
OUT-5120,MCH-TESTING-01,SKU-LS-ISUZU-02,3,2026-07-06 00:00:00,508,55.93,5.8
OUT-5121,MCH-COILING-01,SKU-CS-TOYOTA-01,1,2026-07-06 08:00:00,893,31.94,4.1
OUT-5122,MCH-COILING-01,SKU-CS-TOYOTA-01,2,2026-07-06 16:00:00,704,32.74,11.0
OUT-5123,MCH-COILING-01,SKU-CS-TOYOTA-01,3,2026-07-07 00:00:00,938,29.31,21.4
OUT-5124,MCH-COILING-02,SKU-CS-TOYOTA-01,1,2026-07-06 08:00:00,841,33.51,10.1
OUT-5125,MCH-COILING-02,SKU-CS-TOYOTA-01,2,2026-07-06 16:00:00,852,33.43,5.2
OUT-5126,MCH-COILING-02,SKU-CS-TOYOTA-01,3,2026-07-07 00:00:00,961,29.48,7.4
OUT-5127,MCH-HEATTREAT-01,SKU-LS-HINO-01,1,2026-07-06 08:00:00,589,43.84,3.8
OUT-5128,MCH-HEATTREAT-01,SKU-LS-HINO-01,2,2026-07-06 16:00:00,585,48.18,9.7
OUT-5129,MCH-HEATTREAT-01,SKU-LS-HINO-01,3,2026-07-07 00:00:00,587,48.18,8.5
OUT-5130,MCH-TEMPERING-01,SKU-LS-HINO-01,1,2026-07-06 08:00:00,658,43.23,5.5
OUT-5131,MCH-TEMPERING-01,SKU-LS-HINO-01,2,2026-07-06 16:00:00,572,49.41,8.2
OUT-5132,MCH-TEMPERING-01,SKU-LS-HINO-01,3,2026-07-07 00:00:00,613,45.19,18.2
OUT-5133,MCH-SHOTPEEN-01,SKU-LS-ISUZU-02,1,2026-07-06 08:00:00,404,54.35,11.2
OUT-5134,MCH-SHOTPEEN-01,SKU-LS-ISUZU-02,2,2026-07-06 16:00:00,422,59.29,3.0
OUT-5135,MCH-SHOTPEEN-01,SKU-LS-ISUZU-02,3,2026-07-07 00:00:00,406,54.51,14.2
OUT-5136,MCH-PRESS-01,SKU-LS-HINO-01,1,2026-07-06 08:00:00,570,46.55,3.1
OUT-5137,MCH-PRESS-01,SKU-LS-HINO-01,2,2026-07-06 16:00:00,642,44.33,5.0
OUT-5138,MCH-PRESS-01,SKU-LS-HINO-01,3,2026-07-07 00:00:00,620,44.85,16.1
OUT-5139,MCH-STABILIZER-01,SKU-SB-AVANZA-02,1,2026-07-06 08:00:00,706,39.98,9.4
OUT-5140,MCH-STABILIZER-01,SKU-SB-AVANZA-02,2,2026-07-06 16:00:00,685,41.07,11.0
OUT-5141,MCH-STABILIZER-01,SKU-SB-AVANZA-02,3,2026-07-07 00:00:00,617,41.3,21.4
OUT-5142,MCH-TESTING-01,SKU-LS-HINO-01,1,2026-07-06 08:00:00,623,45.78,4.2
OUT-5143,MCH-TESTING-01,SKU-LS-HINO-01,2,2026-07-06 16:00:00,590,48.26,5.0
OUT-5144,MCH-TESTING-01,SKU-LS-HINO-01,3,2026-07-07 00:00:00,632,44.2,14.3
OUT-5145,MCH-COILING-01,SKU-CS-TOYOTA-01,1,2026-07-07 08:00:00,921,30.84,6.3
OUT-5146,MCH-COILING-01,SKU-CS-TOYOTA-01,2,2026-07-07 16:00:00,849,33.27,9.1
OUT-5147,MCH-COILING-01,SKU-CS-TOYOTA-01,3,2026-07-08 00:00:00,881,31.09,23.1
OUT-5148,MCH-COILING-02,SKU-CS-TOYOTA-01,1,2026-07-07 08:00:00,982,29.17,2.5
OUT-5149,MCH-COILING-02,SKU-CS-TOYOTA-01,2,2026-07-07 16:00:00,880,32.26,6.6
OUT-5150,MCH-COILING-02,SKU-CS-TOYOTA-01,3,2026-07-08 00:00:00,868,29.66,18.2
OUT-5151,MCH-HEATTREAT-01,SKU-LS-HINO-01,1,2026-07-07 08:00:00,609,46.48,7.9
OUT-5152,MCH-HEATTREAT-01,SKU-LS-HINO-01,2,2026-07-07 16:00:00,630,44.72,10.1
OUT-5153,MCH-HEATTREAT-01,SKU-LS-HINO-01,3,2026-07-08 00:00:00,644,43.24,15.7
OUT-5154,MCH-TEMPERING-01,SKU-LS-ISUZU-02,1,2026-07-07 08:00:00,483,58.1,11.7
OUT-5155,MCH-TEMPERING-01,SKU-LS-ISUZU-02,2,2026-07-07 16:00:00,480,58.87,8.7
OUT-5156,MCH-TEMPERING-01,SKU-LS-ISUZU-02,3,2026-07-08 00:00:00,480,54.46,18.9
OUT-5157,MCH-SHOTPEEN-01,SKU-LS-HINO-01,1,2026-07-07 08:00:00,632,44.57,9.9
OUT-5158,MCH-SHOTPEEN-01,SKU-LS-HINO-01,2,2026-07-07 16:00:00,579,48.52,11.0
OUT-5159,MCH-SHOTPEEN-01,SKU-LS-HINO-01,3,2026-07-08 00:00:00,597,47.3,9.0
OUT-5160,MCH-PRESS-01,SKU-LS-HINO-01,1,2026-07-07 08:00:00,569,49.31,11.8
OUT-5161,MCH-PRESS-01,SKU-LS-HINO-01,2,2026-07-07 16:00:00,621,46.08,2.4
OUT-5162,MCH-PRESS-01,SKU-LS-HINO-01,3,2026-07-08 00:00:00,655,43.34,6.2
OUT-5163,MCH-STABILIZER-01,SKU-SB-AVANZA-02,1,2026-07-07 08:00:00,666,39.43,6.4
OUT-5164,MCH-STABILIZER-01,SKU-SB-AVANZA-02,2,2026-07-07 16:00:00,645,44.22,4.2
OUT-5165,MCH-STABILIZER-01,SKU-SB-AVANZA-02,3,2026-07-08 00:00:00,605,42.71,21.7
OUT-5166,MCH-TESTING-01,SKU-LS-HINO-01,1,2026-07-07 08:00:00,588,48.0,9.5
OUT-5167,MCH-TESTING-01,SKU-LS-HINO-01,2,2026-07-07 16:00:00,564,49.99,9.9
OUT-5168,MCH-TESTING-01,SKU-LS-HINO-01,3,2026-07-08 00:00:00,605,44.34,12.1
OUT-5169,MCH-COILING-01,SKU-CS-HONDA-02,1,2026-07-08 08:00:00,951,28.3,6.0
OUT-5170,MCH-COILING-01,SKU-CS-HONDA-02,2,2026-07-08 16:00:00,960,29.68,4.8
OUT-5171,MCH-COILING-01,SKU-CS-HONDA-02,3,2026-07-09 00:00:00,999,27.34,24.7
OUT-5172,MCH-COILING-02,SKU-CS-TOYOTA-01,1,2026-07-08 08:00:00,805,33.24,5.9
OUT-5173,MCH-COILING-02,SKU-CS-TOYOTA-01,2,2026-07-08 16:00:00,856,33.04,8.4
OUT-5174,MCH-COILING-02,SKU-CS-TOYOTA-01,3,2026-07-09 00:00:00,855,31.25,14.0
OUT-5175,MCH-HEATTREAT-01,SKU-LS-HINO-01,1,2026-07-08 08:00:00,587,48.51,5.1
OUT-5176,MCH-HEATTREAT-01,SKU-LS-HINO-01,2,2026-07-08 16:00:00,586,44.91,8.4
OUT-5177,MCH-HEATTREAT-01,SKU-LS-HINO-01,3,2026-07-09 00:00:00,588,47.83,10.6
OUT-5178,MCH-TEMPERING-01,SKU-LS-ISUZU-02,1,2026-07-08 08:00:00,505,55.82,9.3
OUT-5179,MCH-TEMPERING-01,SKU-LS-ISUZU-02,2,2026-07-08 16:00:00,516,54.76,9.0
OUT-5180,MCH-TEMPERING-01,SKU-LS-ISUZU-02,3,2026-07-09 00:00:00,471,60.45,5.1
OUT-5181,MCH-SHOTPEEN-01,SKU-LS-HINO-01,1,2026-07-08 08:00:00,631,44.67,10.0
OUT-5182,MCH-SHOTPEEN-01,SKU-LS-HINO-01,2,2026-07-08 16:00:00,641,44.47,4.4
OUT-5183,MCH-SHOTPEEN-01,SKU-LS-HINO-01,3,2026-07-09 00:00:00,588,46.66,22.2
OUT-5184,MCH-PRESS-01,SKU-LS-HINO-01,1,2026-07-08 08:00:00,611,46.32,8.1
OUT-5185,MCH-PRESS-01,SKU-LS-HINO-01,2,2026-07-08 16:00:00,530,49.84,9.6
OUT-5186,MCH-PRESS-01,SKU-LS-HINO-01,3,2026-07-09 00:00:00,615,45.94,8.5
OUT-5187,MCH-STABILIZER-01,SKU-SB-AVANZA-02,1,2026-07-08 08:00:00,643,41.6,2.1
OUT-5188,MCH-STABILIZER-01,SKU-SB-AVANZA-02,2,2026-07-08 16:00:00,659,43.15,5.9
OUT-5189,MCH-STABILIZER-01,SKU-SB-AVANZA-02,3,2026-07-09 00:00:00,630,39.44,23.6
OUT-5190,MCH-TESTING-01,SKU-LS-ISUZU-02,1,2026-07-08 08:00:00,479,58.93,8.9
OUT-5191,MCH-TESTING-01,SKU-LS-ISUZU-02,2,2026-07-08 16:00:00,478,59.96,2.3
OUT-5192,MCH-TESTING-01,SKU-LS-ISUZU-02,3,2026-07-09 00:00:00,475,58.79,14.1
OUT-5193,MCH-COILING-01,SKU-CS-HONDA-02,1,2026-07-09 08:00:00,988,28.94,3.4
OUT-5194,MCH-COILING-01,SKU-CS-HONDA-02,2,2026-07-09 16:00:00,1041,27.5,2.6
OUT-5195,MCH-COILING-01,SKU-CS-HONDA-02,3,2026-07-10 00:00:00,1032,27.12,13.5
OUT-5196,MCH-COILING-02,SKU-CS-TOYOTA-01,1,2026-07-09 08:00:00,981,29.17,2.8
OUT-5197,MCH-COILING-02,SKU-CS-TOYOTA-01,2,2026-07-09 16:00:00,963,29.47,6.7
OUT-5198,MCH-COILING-02,SKU-CS-TOYOTA-01,3,2026-07-10 00:00:00,863,32.55,11.7
OUT-5199,MCH-HEATTREAT-01,SKU-LS-HINO-01,1,2026-07-09 08:00:00,376,50.21,3.6
OUT-5200,MCH-HEATTREAT-01,SKU-LS-HINO-01,2,2026-07-09 16:00:00,622,46.02,2.6
OUT-5201,MCH-HEATTREAT-01,SKU-LS-HINO-01,3,2026-07-10 00:00:00,614,45.45,14.4
OUT-5202,MCH-TEMPERING-01,SKU-LS-HINO-01,1,2026-07-09 08:00:00,649,43.98,3.9
OUT-5203,MCH-TEMPERING-01,SKU-LS-HINO-01,2,2026-07-09 16:00:00,568,47.5,2.7
OUT-5204,MCH-TEMPERING-01,SKU-LS-HINO-01,3,2026-07-10 00:00:00,566,49.89,9.0
OUT-5205,MCH-SHOTPEEN-01,SKU-LS-HINO-01,1,2026-07-09 08:00:00,481,50.21,9.3
OUT-5206,MCH-SHOTPEEN-01,SKU-LS-HINO-01,2,2026-07-09 16:00:00,606,46.82,7.0
OUT-5207,MCH-SHOTPEEN-01,SKU-LS-HINO-01,3,2026-07-10 00:00:00,641,44.36,5.7
OUT-5208,MCH-PRESS-01,SKU-LS-HINO-01,1,2026-07-09 08:00:00,580,48.74,8.5
OUT-5209,MCH-PRESS-01,SKU-LS-HINO-01,2,2026-07-09 16:00:00,602,46.97,8.1
OUT-5210,MCH-PRESS-01,SKU-LS-HINO-01,3,2026-07-10 00:00:00,568,49.36,12.2
OUT-5211,MCH-STABILIZER-01,SKU-SB-CANTER-01,1,2026-07-09 08:00:00,427,59.23,6.5
OUT-5212,MCH-STABILIZER-01,SKU-SB-CANTER-01,2,2026-07-09 16:00:00,482,59.32,2.9
OUT-5213,MCH-STABILIZER-01,SKU-SB-CANTER-01,3,2026-07-10 00:00:00,420,66.47,13.8
OUT-5214,MCH-TESTING-01,SKU-LS-HINO-01,1,2026-07-09 08:00:00,596,47.66,6.1
OUT-5215,MCH-TESTING-01,SKU-LS-HINO-01,2,2026-07-09 16:00:00,612,45.89,11.5
OUT-5216,MCH-TESTING-01,SKU-LS-HINO-01,3,2026-07-10 00:00:00,627,43.51,24.8
OUT-5217,MCH-COILING-01,SKU-CS-TOYOTA-01,1,2026-07-10 08:00:00,964,29.3,9.2
OUT-5218,MCH-COILING-01,SKU-CS-TOYOTA-01,2,2026-07-10 16:00:00,841,33.46,10.5
OUT-5219,MCH-COILING-01,SKU-CS-TOYOTA-01,3,2026-07-11 00:00:00,856,32.34,18.6
OUT-5220,MCH-COILING-02,SKU-CS-TOYOTA-01,1,2026-07-10 08:00:00,925,30.9,3.4
OUT-5221,MCH-COILING-02,SKU-CS-TOYOTA-01,2,2026-07-10 16:00:00,857,33.21,5.4
OUT-5222,MCH-COILING-02,SKU-CS-TOYOTA-01,3,2026-07-11 00:00:00,835,33.06,19.9
OUT-5223,MCH-HEATTREAT-01,SKU-LS-HINO-01,1,2026-07-10 08:00:00,459,49.96,2.8
OUT-5224,MCH-HEATTREAT-01,SKU-LS-HINO-01,2,2026-07-10 16:00:00,626,45.38,6.4
OUT-5225,MCH-HEATTREAT-01,SKU-LS-HINO-01,3,2026-07-11 00:00:00,590,46.82,19.0
OUT-5226,MCH-TEMPERING-01,SKU-LS-ISUZU-02,1,2026-07-10 08:00:00,465,61.39,3.4
OUT-5227,MCH-TEMPERING-01,SKU-LS-ISUZU-02,2,2026-07-10 16:00:00,480,54.87,2.4
OUT-5228,MCH-TEMPERING-01,SKU-LS-ISUZU-02,3,2026-07-11 00:00:00,473,60.16,5.4
OUT-5229,MCH-SHOTPEEN-01,SKU-LS-HINO-01,1,2026-07-10 08:00:00,623,45.95,2.2
OUT-5230,MCH-SHOTPEEN-01,SKU-LS-HINO-01,2,2026-07-10 16:00:00,631,45.4,2.5
OUT-5231,MCH-SHOTPEEN-01,SKU-LS-HINO-01,3,2026-07-11 00:00:00,571,49.16,11.7
OUT-5232,MCH-PRESS-01,SKU-LS-HINO-01,1,2026-07-10 08:00:00,614,46.28,6.3
OUT-5233,MCH-PRESS-01,SKU-LS-HINO-01,2,2026-07-10 16:00:00,566,50.06,7.5
OUT-5234,MCH-PRESS-01,SKU-LS-HINO-01,3,2026-07-11 00:00:00,588,47.29,16.5
OUT-5235,MCH-STABILIZER-01,SKU-SB-AVANZA-02,1,2026-07-10 08:00:00,658,43.52,2.2
OUT-5236,MCH-STABILIZER-01,SKU-SB-AVANZA-02,2,2026-07-10 16:00:00,733,38.65,7.7
OUT-5237,MCH-STABILIZER-01,SKU-SB-AVANZA-02,3,2026-07-11 00:00:00,708,39.2,17.2
OUT-5238,MCH-TESTING-01,SKU-LS-HINO-01,1,2026-07-10 08:00:00,570,47.79,5.6
OUT-5239,MCH-TESTING-01,SKU-LS-HINO-01,2,2026-07-10 16:00:00,565,45.46,8.1
OUT-5240,MCH-TESTING-01,SKU-LS-HINO-01,3,2026-07-11 00:00:00,611,45.07,20.7
OUT-5241,MCH-COILING-01,SKU-CS-HONDA-02,1,2026-07-11 08:00:00,947,29.64,11.9
OUT-5242,MCH-COILING-01,SKU-CS-HONDA-02,2,2026-07-11 16:00:00,978,28.84,9.6
OUT-5243,MCH-COILING-01,SKU-CS-HONDA-02,3,2026-07-12 00:00:00,813,28.95,10.5
OUT-5244,MCH-COILING-02,SKU-CS-TOYOTA-01,1,2026-07-11 08:00:00,832,32.22,4.9
OUT-5245,MCH-COILING-02,SKU-CS-TOYOTA-01,2,2026-07-11 16:00:00,901,31.4,8.0
OUT-5246,MCH-COILING-02,SKU-CS-TOYOTA-01,3,2026-07-12 00:00:00,908,30.93,11.9
OUT-5247,MCH-HEATTREAT-01,SKU-LS-HINO-01,1,2026-07-11 08:00:00,463,45.3,5.7
OUT-5248,MCH-HEATTREAT-01,SKU-LS-HINO-01,2,2026-07-11 16:00:00,521,50.37,6.3
OUT-5249,MCH-HEATTREAT-01,SKU-LS-HINO-01,3,2026-07-12 00:00:00,566,49.83,9.7
OUT-5250,MCH-TEMPERING-01,SKU-LS-HINO-01,1,2026-07-11 08:00:00,631,45.28,3.1
OUT-5251,MCH-TEMPERING-01,SKU-LS-HINO-01,2,2026-07-11 16:00:00,635,44.77,5.5
OUT-5252,MCH-TEMPERING-01,SKU-LS-HINO-01,3,2026-07-12 00:00:00,575,48.15,18.3
OUT-5253,MCH-SHOTPEEN-01,SKU-LS-ISUZU-02,1,2026-07-11 08:00:00,467,60.94,4.9
OUT-5254,MCH-SHOTPEEN-01,SKU-LS-ISUZU-02,2,2026-07-11 16:00:00,500,56.88,5.3
OUT-5255,MCH-SHOTPEEN-01,SKU-LS-ISUZU-02,3,2026-07-12 00:00:00,514,54.46,13.4
OUT-5256,MCH-PRESS-01,SKU-LS-HINO-01,1,2026-07-11 08:00:00,617,45.54,11.5
OUT-5257,MCH-PRESS-01,SKU-LS-HINO-01,2,2026-07-11 16:00:00,648,43.36,11.5
OUT-5258,MCH-PRESS-01,SKU-LS-HINO-01,3,2026-07-12 00:00:00,556,49.32,22.3
OUT-5259,MCH-STABILIZER-01,SKU-SB-CANTER-01,1,2026-07-11 08:00:00,491,58.22,3.3
OUT-5260,MCH-STABILIZER-01,SKU-SB-CANTER-01,2,2026-07-11 16:00:00,430,65.25,11.9
OUT-5261,MCH-STABILIZER-01,SKU-SB-CANTER-01,3,2026-07-12 00:00:00,413,66.33,22.4
OUT-5262,MCH-TESTING-01,SKU-LS-HINO-01,1,2026-07-11 08:00:00,605,46.94,6.1
OUT-5263,MCH-TESTING-01,SKU-LS-HINO-01,2,2026-07-11 16:00:00,598,47.07,10.8
OUT-5264,MCH-TESTING-01,SKU-LS-HINO-01,3,2026-07-12 00:00:00,568,49.16,13.8
OUT-5265,MCH-COILING-01,SKU-CS-TOYOTA-01,1,2026-07-12 08:00:00,923,28.82,7.3
OUT-5266,MCH-COILING-01,SKU-CS-TOYOTA-01,2,2026-07-12 16:00:00,976,29.13,5.7
OUT-5267,MCH-COILING-01,SKU-CS-TOYOTA-01,3,2026-07-13 00:00:00,851,32.99,11.9
OUT-5268,MCH-COILING-02,SKU-CS-TOYOTA-01,1,2026-07-12 08:00:00,949,29.65,10.8
OUT-5269,MCH-COILING-02,SKU-CS-TOYOTA-01,2,2026-07-12 16:00:00,850,33.06,11.4
OUT-5270,MCH-COILING-02,SKU-CS-TOYOTA-01,3,2026-07-13 00:00:00,884,32.08,7.2
OUT-5271,MCH-HEATTREAT-01,SKU-LS-ISUZU-02,1,2026-07-12 08:00:00,501,56.8,5.4
OUT-5272,MCH-HEATTREAT-01,SKU-LS-ISUZU-02,2,2026-07-12 16:00:00,520,54.97,2.7
OUT-5273,MCH-HEATTREAT-01,SKU-LS-ISUZU-02,3,2026-07-13 00:00:00,461,60.87,12.2
OUT-5274,MCH-TEMPERING-01,SKU-LS-HINO-01,1,2026-07-12 08:00:00,542,48.26,7.6
OUT-5275,MCH-TEMPERING-01,SKU-LS-HINO-01,2,2026-07-12 16:00:00,645,44.18,4.8
OUT-5276,MCH-TEMPERING-01,SKU-LS-HINO-01,3,2026-07-13 00:00:00,600,46.73,12.5
OUT-5277,MCH-SHOTPEEN-01,SKU-LS-ISUZU-02,1,2026-07-12 08:00:00,478,58.95,9.7
OUT-5278,MCH-SHOTPEEN-01,SKU-LS-ISUZU-02,2,2026-07-12 16:00:00,488,57.58,11.0
OUT-5279,MCH-SHOTPEEN-01,SKU-LS-ISUZU-02,3,2026-07-13 00:00:00,419,60.05,15.8
OUT-5280,MCH-PRESS-01,SKU-LS-HINO-01,1,2026-07-12 08:00:00,640,44.74,2.4
OUT-5281,MCH-PRESS-01,SKU-LS-HINO-01,2,2026-07-12 16:00:00,641,44.67,2.7
OUT-5282,MCH-PRESS-01,SKU-LS-HINO-01,3,2026-07-13 00:00:00,587,45.29,7.3
OUT-5283,MCH-STABILIZER-01,SKU-SB-CANTER-01,1,2026-07-12 08:00:00,485,58.03,10.4
OUT-5284,MCH-STABILIZER-01,SKU-SB-CANTER-01,2,2026-07-12 16:00:00,430,65.89,7.7
OUT-5285,MCH-STABILIZER-01,SKU-SB-CANTER-01,3,2026-07-13 00:00:00,323,63.96,14.0
OUT-5286,MCH-TESTING-01,SKU-LS-HINO-01,1,2026-07-12 08:00:00,526,49.36,4.9
OUT-5287,MCH-TESTING-01,SKU-LS-HINO-01,2,2026-07-12 16:00:00,630,44.66,10.9
OUT-5288,MCH-TESTING-01,SKU-LS-HINO-01,3,2026-07-13 00:00:00,572,44.85,7.2
OUT-5289,MCH-COILING-01,SKU-CS-TOYOTA-01,1,2026-07-13 08:00:00,906,31.54,3.6
OUT-5290,MCH-COILING-01,SKU-CS-TOYOTA-01,2,2026-07-13 16:00:00,878,32.59,2.7
OUT-5291,MCH-COILING-01,SKU-CS-TOYOTA-01,3,2026-07-14 00:00:00,867,30.58,12.8
OUT-5292,MCH-COILING-02,SKU-CS-TOYOTA-01,1,2026-07-13 08:00:00,744,31.08,3.9
OUT-5293,MCH-COILING-02,SKU-CS-TOYOTA-01,2,2026-07-13 16:00:00,891,31.81,7.5
OUT-5294,MCH-COILING-02,SKU-CS-TOYOTA-01,3,2026-07-14 00:00:00,872,32.45,7.9
OUT-5295,MCH-HEATTREAT-01,SKU-LS-HINO-01,1,2026-07-13 08:00:00,635,44.82,5.6
OUT-5296,MCH-HEATTREAT-01,SKU-LS-HINO-01,2,2026-07-13 16:00:00,578,45.89,9.3
OUT-5297,MCH-HEATTREAT-01,SKU-LS-HINO-01,3,2026-07-14 00:00:00,567,48.89,17.3
OUT-5298,MCH-TEMPERING-01,SKU-LS-HINO-01,1,2026-07-13 08:00:00,609,46.32,9.7
OUT-5299,MCH-TEMPERING-01,SKU-LS-HINO-01,2,2026-07-13 16:00:00,578,48.77,9.8
OUT-5300,MCH-TEMPERING-01,SKU-LS-HINO-01,3,2026-07-14 00:00:00,552,49.8,21.1
OUT-5301,MCH-SHOTPEEN-01,SKU-LS-ISUZU-02,1,2026-07-13 08:00:00,468,60.19,9.6
OUT-5302,MCH-SHOTPEEN-01,SKU-LS-ISUZU-02,2,2026-07-13 16:00:00,512,55.77,3.4
OUT-5303,MCH-SHOTPEEN-01,SKU-LS-ISUZU-02,3,2026-07-14 00:00:00,511,55.16,10.0
OUT-5304,MCH-PRESS-01,SKU-LS-HINO-01,1,2026-07-13 08:00:00,595,47.28,11.1
OUT-5305,MCH-PRESS-01,SKU-LS-HINO-01,2,2026-07-13 16:00:00,630,45.1,6.1
OUT-5306,MCH-PRESS-01,SKU-LS-HINO-01,3,2026-07-14 00:00:00,581,48.74,7.8
OUT-5307,MCH-STABILIZER-01,SKU-SB-AVANZA-02,1,2026-07-13 08:00:00,664,43.03,3.2
OUT-5308,MCH-STABILIZER-01,SKU-SB-AVANZA-02,2,2026-07-13 16:00:00,671,42.54,3.8
OUT-5309,MCH-STABILIZER-01,SKU-SB-AVANZA-02,3,2026-07-14 00:00:00,688,40.58,14.2
OUT-5310,MCH-TESTING-01,SKU-LS-ISUZU-02,1,2026-07-13 08:00:00,526,54.46,2.0
OUT-5311,MCH-TESTING-01,SKU-LS-ISUZU-02,2,2026-07-13 16:00:00,472,60.03,7.5
OUT-5312,MCH-TESTING-01,SKU-LS-ISUZU-02,3,2026-07-14 00:00:00,455,56.99,16.9
OUT-5313,MCH-COILING-01,SKU-CS-TOYOTA-01,1,2026-07-14 08:00:00,880,31.89,11.9
OUT-5314,MCH-COILING-01,SKU-CS-TOYOTA-01,2,2026-07-14 16:00:00,875,32.67,3.2
OUT-5315,MCH-COILING-01,SKU-CS-TOYOTA-01,3,2026-07-15 00:00:00,882,28.83,18.9
OUT-5316,MCH-COILING-02,SKU-CS-HONDA-02,1,2026-07-14 08:00:00,981,26.88,7.8
OUT-5317,MCH-COILING-02,SKU-CS-HONDA-02,2,2026-07-14 16:00:00,1026,27.62,7.6
OUT-5318,MCH-COILING-02,SKU-CS-HONDA-02,3,2026-07-15 00:00:00,884,30.18,8.1
OUT-5319,MCH-HEATTREAT-01,SKU-LS-HINO-01,1,2026-07-14 08:00:00,487,48.15,6.3
OUT-5320,MCH-HEATTREAT-01,SKU-LS-HINO-01,2,2026-07-14 16:00:00,538,44.85,3.1
OUT-5321,MCH-HEATTREAT-01,SKU-LS-HINO-01,3,2026-07-15 00:00:00,583,47.02,22.7
OUT-5322,MCH-TEMPERING-01,SKU-LS-ISUZU-02,1,2026-07-14 08:00:00,348,56.72,10.4
OUT-5323,MCH-TEMPERING-01,SKU-LS-ISUZU-02,2,2026-07-14 16:00:00,473,59.59,9.3
OUT-5324,MCH-TEMPERING-01,SKU-LS-ISUZU-02,3,2026-07-15 00:00:00,521,53.6,14.3
OUT-5325,MCH-SHOTPEEN-01,SKU-LS-HINO-01,1,2026-07-14 08:00:00,613,46.65,3.1
OUT-5326,MCH-SHOTPEEN-01,SKU-LS-HINO-01,2,2026-07-14 16:00:00,621,43.57,4.4
OUT-5327,MCH-SHOTPEEN-01,SKU-LS-HINO-01,3,2026-07-15 00:00:00,609,45.64,16.0
OUT-5328,MCH-PRESS-01,SKU-LS-HINO-01,1,2026-07-14 08:00:00,545,48.89,3.4
OUT-5329,MCH-PRESS-01,SKU-LS-HINO-01,2,2026-07-14 16:00:00,647,43.71,8.2
OUT-5330,MCH-PRESS-01,SKU-LS-HINO-01,3,2026-07-15 00:00:00,549,50.35,18.6
OUT-5331,MCH-STABILIZER-01,SKU-SB-CANTER-01,1,2026-07-14 08:00:00,483,58.4,9.2
OUT-5332,MCH-STABILIZER-01,SKU-SB-CANTER-01,2,2026-07-14 16:00:00,395,66.19,6.4
OUT-5333,MCH-STABILIZER-01,SKU-SB-CANTER-01,3,2026-07-15 00:00:00,430,64.5,17.1
OUT-5334,MCH-TESTING-01,SKU-LS-ISUZU-02,1,2026-07-14 08:00:00,477,59.95,2.9
OUT-5335,MCH-TESTING-01,SKU-LS-ISUZU-02,2,2026-07-14 16:00:00,476,59.56,7.2
OUT-5336,MCH-TESTING-01,SKU-LS-ISUZU-02,3,2026-07-15 00:00:00,495,55.56,20.8
OUT-5337,MCH-COILING-01,SKU-CS-TOYOTA-01,1,2026-07-15 08:00:00,854,30.61,2.9
OUT-5338,MCH-COILING-01,SKU-CS-TOYOTA-01,2,2026-07-15 16:00:00,953,29.78,6.9
OUT-5339,MCH-COILING-01,SKU-CS-TOYOTA-01,3,2026-07-16 00:00:00,954,29.22,15.4
OUT-5340,MCH-COILING-02,SKU-CS-HONDA-02,1,2026-07-15 08:00:00,955,29.4,11.7
OUT-5341,MCH-COILING-02,SKU-CS-HONDA-02,2,2026-07-15 16:00:00,992,28.34,11.4
OUT-5342,MCH-COILING-02,SKU-CS-HONDA-02,3,2026-07-16 00:00:00,990,27.96,18.2
OUT-5343,MCH-HEATTREAT-01,SKU-LS-ISUZU-02,1,2026-07-15 08:00:00,519,54.69,6.6
OUT-5344,MCH-HEATTREAT-01,SKU-LS-ISUZU-02,2,2026-07-15 16:00:00,458,61.22,11.7
OUT-5345,MCH-HEATTREAT-01,SKU-LS-ISUZU-02,3,2026-07-16 00:00:00,501,54.68,23.2
OUT-5346,MCH-TEMPERING-01,SKU-LS-ISUZU-02,1,2026-07-15 08:00:00,484,58.44,7.9
OUT-5347,MCH-TEMPERING-01,SKU-LS-ISUZU-02,2,2026-07-15 16:00:00,508,56.0,5.3
OUT-5348,MCH-TEMPERING-01,SKU-LS-ISUZU-02,3,2026-07-16 00:00:00,501,55.51,16.1
OUT-5349,MCH-SHOTPEEN-01,SKU-LS-ISUZU-02,1,2026-07-15 08:00:00,486,57.83,11.4
OUT-5350,MCH-SHOTPEEN-01,SKU-LS-ISUZU-02,2,2026-07-15 16:00:00,503,56.73,3.8
OUT-5351,MCH-SHOTPEEN-01,SKU-LS-ISUZU-02,3,2026-07-16 00:00:00,443,58.67,11.6
OUT-5352,MCH-PRESS-01,SKU-LS-ISUZU-02,1,2026-07-15 08:00:00,470,59.99,9.1
OUT-5353,MCH-PRESS-01,SKU-LS-ISUZU-02,2,2026-07-15 16:00:00,476,59.95,3.5
OUT-5354,MCH-PRESS-01,SKU-LS-ISUZU-02,3,2026-07-16 00:00:00,456,60.39,20.8
OUT-5355,MCH-STABILIZER-01,SKU-SB-AVANZA-02,1,2026-07-15 08:00:00,683,41.38,8.9
OUT-5356,MCH-STABILIZER-01,SKU-SB-AVANZA-02,2,2026-07-15 16:00:00,658,42.91,9.4
OUT-5357,MCH-STABILIZER-01,SKU-SB-AVANZA-02,3,2026-07-16 00:00:00,629,43.51,23.5
OUT-5358,MCH-TESTING-01,SKU-LS-HINO-01,1,2026-07-15 08:00:00,620,45.99,4.4
OUT-5359,MCH-TESTING-01,SKU-LS-HINO-01,2,2026-07-15 16:00:00,621,45.7,6.6
OUT-5360,MCH-TESTING-01,SKU-LS-HINO-01,3,2026-07-16 00:00:00,633,43.36,22.4
OUT-5361,MCH-COILING-01,SKU-CS-TOYOTA-01,1,2026-07-16 08:00:00,974,28.81,11.9
OUT-5362,MCH-COILING-01,SKU-CS-TOYOTA-01,2,2026-07-16 16:00:00,871,32.51,7.9
OUT-5363,MCH-COILING-01,SKU-CS-TOYOTA-01,3,2026-07-17 00:00:00,917,30.81,8.9
OUT-5364,MCH-COILING-02,SKU-CS-HONDA-02,1,2026-07-16 08:00:00,964,29.25,9.8
OUT-5365,MCH-COILING-02,SKU-CS-HONDA-02,2,2026-07-16 16:00:00,977,29.0,7.7
OUT-5366,MCH-COILING-02,SKU-CS-HONDA-02,3,2026-07-17 00:00:00,1051,27.02,6.5
OUT-5367,MCH-HEATTREAT-01,SKU-LS-ISUZU-02,1,2026-07-16 08:00:00,494,58.03,2.2
OUT-5368,MCH-HEATTREAT-01,SKU-LS-ISUZU-02,2,2026-07-16 16:00:00,494,56.8,11.9
OUT-5369,MCH-HEATTREAT-01,SKU-LS-ISUZU-02,3,2026-07-17 00:00:00,463,61.4,5.3
OUT-5370,MCH-TEMPERING-01,SKU-LS-ISUZU-02,1,2026-07-16 08:00:00,503,55.98,9.8
OUT-5371,MCH-TEMPERING-01,SKU-LS-ISUZU-02,2,2026-07-16 16:00:00,481,59.01,6.6
OUT-5372,MCH-TEMPERING-01,SKU-LS-ISUZU-02,3,2026-07-17 00:00:00,528,53.46,8.7
OUT-5373,MCH-SHOTPEEN-01,SKU-LS-HINO-01,1,2026-07-16 08:00:00,606,46.34,11.4
OUT-5374,MCH-SHOTPEEN-01,SKU-LS-HINO-01,2,2026-07-16 16:00:00,579,49.04,6.5
OUT-5375,MCH-SHOTPEEN-01,SKU-LS-HINO-01,3,2026-07-17 00:00:00,623,43.96,23.3
OUT-5376,MCH-PRESS-01,SKU-LS-ISUZU-02,1,2026-07-16 08:00:00,463,57.89,2.0
OUT-5377,MCH-PRESS-01,SKU-LS-ISUZU-02,2,2026-07-16 16:00:00,495,57.86,2.0
OUT-5378,MCH-PRESS-01,SKU-LS-ISUZU-02,3,2026-07-17 00:00:00,495,55.81,19.1
OUT-5379,MCH-STABILIZER-01,SKU-SB-CANTER-01,1,2026-07-16 08:00:00,449,62.43,11.9
OUT-5380,MCH-STABILIZER-01,SKU-SB-CANTER-01,2,2026-07-16 16:00:00,452,59.35,10.2
OUT-5381,MCH-STABILIZER-01,SKU-SB-CANTER-01,3,2026-07-17 00:00:00,456,61.34,13.4
OUT-5382,MCH-TESTING-01,SKU-LS-HINO-01,1,2026-07-16 08:00:00,530,50.03,9.0
OUT-5383,MCH-TESTING-01,SKU-LS-HINO-01,2,2026-07-16 16:00:00,644,44.48,2.0
OUT-5384,MCH-TESTING-01,SKU-LS-HINO-01,3,2026-07-17 00:00:00,576,48.58,13.5
OUT-5385,MCH-COILING-01,SKU-CS-TOYOTA-01,1,2026-07-17 08:00:00,892,31.78,7.3
OUT-5386,MCH-COILING-01,SKU-CS-TOYOTA-01,2,2026-07-17 16:00:00,876,32.09,11.4
OUT-5387,MCH-COILING-01,SKU-CS-TOYOTA-01,3,2026-07-18 00:00:00,905,30.63,17.6
OUT-5388,MCH-COILING-02,SKU-CS-HONDA-02,1,2026-07-17 08:00:00,893,30.65,2.7
OUT-5389,MCH-COILING-02,SKU-CS-HONDA-02,2,2026-07-17 16:00:00,1013,28.15,4.7
OUT-5390,MCH-COILING-02,SKU-CS-HONDA-02,3,2026-07-18 00:00:00,1028,26.89,19.2
OUT-5391,MCH-HEATTREAT-01,SKU-LS-ISUZU-02,1,2026-07-17 08:00:00,491,57.84,6.0
OUT-5392,MCH-HEATTREAT-01,SKU-LS-ISUZU-02,2,2026-07-17 16:00:00,497,56.55,10.9
OUT-5393,MCH-HEATTREAT-01,SKU-LS-ISUZU-02,3,2026-07-18 00:00:00,491,53.13,14.4
OUT-5394,MCH-TEMPERING-01,SKU-LS-ISUZU-02,1,2026-07-17 08:00:00,528,53.77,6.4
OUT-5395,MCH-TEMPERING-01,SKU-LS-ISUZU-02,2,2026-07-17 16:00:00,511,55.63,5.8
OUT-5396,MCH-TEMPERING-01,SKU-LS-ISUZU-02,3,2026-07-18 00:00:00,506,55.88,8.6
OUT-5397,MCH-SHOTPEEN-01,SKU-LS-HINO-01,1,2026-07-17 08:00:00,525,46.33,6.1
OUT-5398,MCH-SHOTPEEN-01,SKU-LS-HINO-01,2,2026-07-17 16:00:00,620,45.3,11.4
OUT-5399,MCH-SHOTPEEN-01,SKU-LS-HINO-01,3,2026-07-18 00:00:00,599,47.3,7.4
OUT-5400,MCH-PRESS-01,SKU-LS-HINO-01,1,2026-07-17 08:00:00,497,49.22,9.6
OUT-5401,MCH-PRESS-01,SKU-LS-HINO-01,2,2026-07-17 16:00:00,570,47.56,6.2
OUT-5402,MCH-PRESS-01,SKU-LS-HINO-01,3,2026-07-18 00:00:00,588,47.04,18.4
OUT-5403,MCH-STABILIZER-01,SKU-SB-CANTER-01,1,2026-07-17 08:00:00,426,64.24,3.3
OUT-5404,MCH-STABILIZER-01,SKU-SB-CANTER-01,2,2026-07-17 16:00:00,433,65.78,5.0
OUT-5405,MCH-STABILIZER-01,SKU-SB-CANTER-01,3,2026-07-18 00:00:00,422,65.85,16.7
OUT-5406,MCH-TESTING-01,SKU-LS-ISUZU-02,1,2026-07-17 08:00:00,467,60.97,5.0
OUT-5407,MCH-TESTING-01,SKU-LS-ISUZU-02,2,2026-07-17 16:00:00,500,53.74,10.7
OUT-5408,MCH-TESTING-01,SKU-LS-ISUZU-02,3,2026-07-18 00:00:00,463,60.35,14.2
OUT-5409,MCH-COILING-01,SKU-CS-TOYOTA-01,1,2026-07-18 08:00:00,914,31.21,4.1
OUT-5410,MCH-COILING-01,SKU-CS-TOYOTA-01,2,2026-07-18 16:00:00,844,33.53,8.1
OUT-5411,MCH-COILING-01,SKU-CS-TOYOTA-01,3,2026-07-19 00:00:00,872,32.62,5.5
OUT-5412,MCH-COILING-02,SKU-CS-TOYOTA-01,1,2026-07-18 08:00:00,926,30.58,7.8
OUT-5413,MCH-COILING-02,SKU-CS-TOYOTA-01,2,2026-07-18 16:00:00,875,32.59,4.2
OUT-5414,MCH-COILING-02,SKU-CS-TOYOTA-01,3,2026-07-19 00:00:00,963,28.9,15.8
OUT-5415,MCH-HEATTREAT-01,SKU-LS-ISUZU-02,1,2026-07-18 08:00:00,371,58.49,5.1
OUT-5416,MCH-HEATTREAT-01,SKU-LS-ISUZU-02,2,2026-07-18 16:00:00,481,58.87,7.7
OUT-5417,MCH-HEATTREAT-01,SKU-LS-ISUZU-02,3,2026-07-19 00:00:00,510,55.68,5.9
OUT-5418,MCH-TEMPERING-01,SKU-LS-HINO-01,1,2026-07-18 08:00:00,574,48.92,11.3
OUT-5419,MCH-TEMPERING-01,SKU-LS-HINO-01,2,2026-07-18 16:00:00,549,48.39,5.5
OUT-5420,MCH-TEMPERING-01,SKU-LS-HINO-01,3,2026-07-19 00:00:00,592,47.65,9.8
OUT-5421,MCH-SHOTPEEN-01,SKU-LS-ISUZU-02,1,2026-07-18 08:00:00,507,56.03,6.3
OUT-5422,MCH-SHOTPEEN-01,SKU-LS-ISUZU-02,2,2026-07-18 16:00:00,460,57.8,7.8
OUT-5423,MCH-SHOTPEEN-01,SKU-LS-ISUZU-02,3,2026-07-19 00:00:00,496,53.98,5.9
OUT-5424,MCH-PRESS-01,SKU-LS-ISUZU-02,1,2026-07-18 08:00:00,489,57.59,10.6
OUT-5425,MCH-PRESS-01,SKU-LS-ISUZU-02,2,2026-07-18 16:00:00,517,54.99,5.4
OUT-5426,MCH-PRESS-01,SKU-LS-ISUZU-02,3,2026-07-19 00:00:00,467,58.81,21.3
OUT-5427,MCH-STABILIZER-01,SKU-SB-AVANZA-02,1,2026-07-18 08:00:00,647,43.98,5.3
OUT-5428,MCH-STABILIZER-01,SKU-SB-AVANZA-02,2,2026-07-18 16:00:00,692,38.41,7.6
OUT-5429,MCH-STABILIZER-01,SKU-SB-AVANZA-02,3,2026-07-19 00:00:00,623,41.66,23.7
OUT-5430,MCH-TESTING-01,SKU-LS-ISUZU-02,1,2026-07-18 08:00:00,488,58.01,7.8
OUT-5431,MCH-TESTING-01,SKU-LS-ISUZU-02,2,2026-07-18 16:00:00,499,56.48,10.0
OUT-5432,MCH-TESTING-01,SKU-LS-ISUZU-02,3,2026-07-19 00:00:00,523,52.83,18.8
OUT-5433,MCH-COILING-01,SKU-CS-HONDA-02,1,2026-07-19 08:00:00,927,28.42,9.1
OUT-5434,MCH-COILING-01,SKU-CS-HONDA-02,2,2026-07-19 16:00:00,939,30.38,4.4
OUT-5435,MCH-COILING-01,SKU-CS-HONDA-02,3,2026-07-20 00:00:00,950,28.92,21.7
OUT-5436,MCH-COILING-02,SKU-CS-TOYOTA-01,1,2026-07-19 08:00:00,818,32.78,10.4
OUT-5437,MCH-COILING-02,SKU-CS-TOYOTA-01,2,2026-07-19 16:00:00,918,31.16,3.2
OUT-5438,MCH-COILING-02,SKU-CS-TOYOTA-01,3,2026-07-20 00:00:00,896,30.59,22.7
OUT-5439,MCH-HEATTREAT-01,SKU-LS-HINO-01,1,2026-07-19 08:00:00,600,47.37,6.2
OUT-5440,MCH-HEATTREAT-01,SKU-LS-HINO-01,2,2026-07-19 16:00:00,560,50.36,9.5
OUT-5441,MCH-HEATTREAT-01,SKU-LS-HINO-01,3,2026-07-20 00:00:00,518,49.17,10.4
OUT-5442,MCH-TEMPERING-01,SKU-LS-HINO-01,1,2026-07-19 08:00:00,578,48.67,10.8
OUT-5443,MCH-TEMPERING-01,SKU-LS-HINO-01,2,2026-07-19 16:00:00,576,49.59,3.9
OUT-5444,MCH-TEMPERING-01,SKU-LS-HINO-01,3,2026-07-20 00:00:00,630,44.63,10.8
OUT-5445,MCH-SHOTPEEN-01,SKU-LS-ISUZU-02,1,2026-07-19 08:00:00,477,59.91,3.1
OUT-5446,MCH-SHOTPEEN-01,SKU-LS-ISUZU-02,2,2026-07-19 16:00:00,492,57.55,7.6
OUT-5447,MCH-SHOTPEEN-01,SKU-LS-ISUZU-02,3,2026-07-20 00:00:00,469,60.55,6.2
OUT-5448,MCH-PRESS-01,SKU-LS-ISUZU-02,1,2026-07-19 08:00:00,515,54.78,9.4
OUT-5449,MCH-PRESS-01,SKU-LS-ISUZU-02,2,2026-07-19 16:00:00,519,54.21,10.6
OUT-5450,MCH-PRESS-01,SKU-LS-ISUZU-02,3,2026-07-20 00:00:00,463,61.38,6.0
OUT-5451,MCH-STABILIZER-01,SKU-SB-AVANZA-02,1,2026-07-19 08:00:00,682,41.3,10.2
OUT-5452,MCH-STABILIZER-01,SKU-SB-AVANZA-02,2,2026-07-19 16:00:00,660,43.19,4.6
OUT-5453,MCH-STABILIZER-01,SKU-SB-AVANZA-02,3,2026-07-20 00:00:00,732,38.42,11.0
OUT-5454,MCH-TESTING-01,SKU-LS-HINO-01,1,2026-07-19 08:00:00,567,49.84,8.7
OUT-5455,MCH-TESTING-01,SKU-LS-HINO-01,2,2026-07-19 16:00:00,586,48.76,3.7
OUT-5456,MCH-TESTING-01,SKU-LS-HINO-01,3,2026-07-20 00:00:00,649,43.43,9.8
OUT-5457,MCH-COILING-01,SKU-CS-HONDA-02,1,2026-07-20 08:00:00,975,29.29,3.7
OUT-5458,MCH-COILING-01,SKU-CS-HONDA-02,2,2026-07-20 16:00:00,1040,27.21,8.1
OUT-5459,MCH-COILING-01,SKU-CS-HONDA-02,3,2026-07-21 00:00:00,905,30.5,19.6
OUT-5460,MCH-COILING-02,SKU-CS-HONDA-02,1,2026-07-20 08:00:00,1010,27.99,8.7
OUT-5461,MCH-COILING-02,SKU-CS-HONDA-02,2,2026-07-20 16:00:00,1048,26.89,10.2
OUT-5462,MCH-COILING-02,SKU-CS-HONDA-02,3,2026-07-21 00:00:00,994,28.28,11.4
OUT-5463,MCH-HEATTREAT-01,SKU-LS-HINO-01,1,2026-07-20 08:00:00,573,43.35,8.9
OUT-5464,MCH-HEATTREAT-01,SKU-LS-HINO-01,2,2026-07-20 16:00:00,540,49.69,2.9
OUT-5465,MCH-HEATTREAT-01,SKU-LS-HINO-01,3,2026-07-21 00:00:00,629,44.9,9.1
OUT-5466,MCH-TEMPERING-01,SKU-LS-HINO-01,1,2026-07-20 08:00:00,657,43.35,4.6
OUT-5467,MCH-TEMPERING-01,SKU-LS-HINO-01,2,2026-07-20 16:00:00,565,50.15,7.1
OUT-5468,MCH-TEMPERING-01,SKU-LS-HINO-01,3,2026-07-21 00:00:00,591,48.09,5.8
OUT-5469,MCH-SHOTPEEN-01,SKU-LS-ISUZU-02,1,2026-07-20 08:00:00,501,53.68,5.9
OUT-5470,MCH-SHOTPEEN-01,SKU-LS-ISUZU-02,2,2026-07-20 16:00:00,475,59.84,5.4
OUT-5471,MCH-SHOTPEEN-01,SKU-LS-ISUZU-02,3,2026-07-21 00:00:00,495,56.8,10.9
OUT-5472,MCH-PRESS-01,SKU-LS-HINO-01,1,2026-07-20 08:00:00,656,43.25,6.7
OUT-5473,MCH-PRESS-01,SKU-LS-HINO-01,2,2026-07-20 16:00:00,563,50.1,9.3
OUT-5474,MCH-PRESS-01,SKU-LS-HINO-01,3,2026-07-21 00:00:00,626,43.78,22.9
OUT-5475,MCH-STABILIZER-01,SKU-SB-AVANZA-02,1,2026-07-20 08:00:00,647,43.55,9.9
OUT-5476,MCH-STABILIZER-01,SKU-SB-AVANZA-02,2,2026-07-20 16:00:00,691,40.81,9.6
OUT-5477,MCH-STABILIZER-01,SKU-SB-AVANZA-02,3,2026-07-21 00:00:00,640,41.51,7.6
OUT-5478,MCH-TESTING-01,SKU-LS-HINO-01,1,2026-07-20 08:00:00,623,45.58,6.0
OUT-5479,MCH-TESTING-01,SKU-LS-HINO-01,2,2026-07-20 16:00:00,580,49.17,4.4
OUT-5480,MCH-TESTING-01,SKU-LS-HINO-01,3,2026-07-21 00:00:00,594,47.76,6.8
OUT-5481,MCH-COILING-01,SKU-CS-HONDA-02,1,2026-07-21 08:00:00,1037,27.62,2.3
OUT-5482,MCH-COILING-01,SKU-CS-HONDA-02,2,2026-07-21 16:00:00,975,28.83,11.1
OUT-5483,MCH-COILING-01,SKU-CS-HONDA-02,3,2026-07-22 00:00:00,964,29.07,12.7
OUT-5484,MCH-COILING-02,SKU-CS-HONDA-02,1,2026-07-21 08:00:00,947,29.72,10.9
OUT-5485,MCH-COILING-02,SKU-CS-HONDA-02,2,2026-07-21 16:00:00,925,30.69,6.4
OUT-5486,MCH-COILING-02,SKU-CS-HONDA-02,3,2026-07-22 00:00:00,852,30.53,20.9
OUT-5487,MCH-HEATTREAT-01,SKU-LS-ISUZU-02,1,2026-07-21 08:00:00,472,59.68,10.3
OUT-5488,MCH-HEATTREAT-01,SKU-LS-ISUZU-02,2,2026-07-21 16:00:00,497,57.49,3.4
OUT-5489,MCH-HEATTREAT-01,SKU-LS-ISUZU-02,3,2026-07-22 00:00:00,512,55.02,9.7
OUT-5490,MCH-TEMPERING-01,SKU-LS-ISUZU-02,1,2026-07-21 08:00:00,520,54.11,10.3
OUT-5491,MCH-TEMPERING-01,SKU-LS-ISUZU-02,2,2026-07-21 16:00:00,489,57.99,7.2
OUT-5492,MCH-TEMPERING-01,SKU-LS-ISUZU-02,3,2026-07-22 00:00:00,502,55.31,16.7
OUT-5493,MCH-SHOTPEEN-01,SKU-LS-HINO-01,1,2026-07-21 08:00:00,533,44.85,2.6
OUT-5494,MCH-SHOTPEEN-01,SKU-LS-HINO-01,2,2026-07-21 16:00:00,603,46.7,10.0
OUT-5495,MCH-SHOTPEEN-01,SKU-LS-HINO-01,3,2026-07-22 00:00:00,568,45.58,11.0
OUT-5496,MCH-PRESS-01,SKU-LS-ISUZU-02,1,2026-07-21 08:00:00,474,60.4,2.0
OUT-5497,MCH-PRESS-01,SKU-LS-ISUZU-02,2,2026-07-21 16:00:00,503,56.08,9.2
OUT-5498,MCH-PRESS-01,SKU-LS-ISUZU-02,3,2026-07-22 00:00:00,443,61.24,6.1
OUT-5499,MCH-STABILIZER-01,SKU-SB-AVANZA-02,1,2026-07-21 08:00:00,680,39.01,9.4
OUT-5500,MCH-STABILIZER-01,SKU-SB-AVANZA-02,2,2026-07-21 16:00:00,736,38.88,3.0
OUT-5501,MCH-STABILIZER-01,SKU-SB-AVANZA-02,3,2026-07-22 00:00:00,592,43.14,9.1
OUT-5502,MCH-TESTING-01,SKU-LS-HINO-01,1,2026-07-21 08:00:00,598,44.53,7.9
OUT-5503,MCH-TESTING-01,SKU-LS-HINO-01,2,2026-07-21 16:00:00,644,43.89,8.6
OUT-5504,MCH-TESTING-01,SKU-LS-HINO-01,3,2026-07-22 00:00:00,634,44.7,7.3
OUT-5505,MCH-COILING-01,SKU-CS-HONDA-02,1,2026-07-22 08:00:00,958,29.3,11.8
OUT-5506,MCH-COILING-01,SKU-CS-HONDA-02,2,2026-07-22 16:00:00,946,29.75,10.5
OUT-5507,MCH-COILING-01,SKU-CS-HONDA-02,3,2026-07-23 00:00:00,909,31.29,5.5
OUT-5508,MCH-COILING-02,SKU-CS-TOYOTA-01,1,2026-07-22 08:00:00,840,31.51,2.9
OUT-5509,MCH-COILING-02,SKU-CS-TOYOTA-01,2,2026-07-22 16:00:00,851,33.0,11.7
OUT-5510,MCH-COILING-02,SKU-CS-TOYOTA-01,3,2026-07-23 00:00:00,857,32.58,14.5
OUT-5511,MCH-HEATTREAT-01,SKU-LS-HINO-01,1,2026-07-22 08:00:00,584,48.44,8.4
OUT-5512,MCH-HEATTREAT-01,SKU-LS-HINO-01,2,2026-07-22 16:00:00,579,46.86,5.8
OUT-5513,MCH-HEATTREAT-01,SKU-LS-HINO-01,3,2026-07-23 00:00:00,631,43.94,17.7
OUT-5514,MCH-TEMPERING-01,SKU-LS-ISUZU-02,1,2026-07-22 08:00:00,489,58.3,4.0
OUT-5515,MCH-TEMPERING-01,SKU-LS-ISUZU-02,2,2026-07-22 16:00:00,501,56.74,5.8
OUT-5516,MCH-TEMPERING-01,SKU-LS-ISUZU-02,3,2026-07-23 00:00:00,465,60.96,6.8
OUT-5517,MCH-SHOTPEEN-01,SKU-LS-ISUZU-02,1,2026-07-22 08:00:00,495,57.06,9.0
OUT-5518,MCH-SHOTPEEN-01,SKU-LS-ISUZU-02,2,2026-07-22 16:00:00,489,57.35,11.8
OUT-5519,MCH-SHOTPEEN-01,SKU-LS-ISUZU-02,3,2026-07-23 00:00:00,483,57.9,13.8
OUT-5520,MCH-PRESS-01,SKU-LS-HINO-01,1,2026-07-22 08:00:00,629,45.51,2.4
OUT-5521,MCH-PRESS-01,SKU-LS-HINO-01,2,2026-07-22 16:00:00,624,45.77,3.9
OUT-5522,MCH-PRESS-01,SKU-LS-HINO-01,3,2026-07-23 00:00:00,586,47.13,19.1
OUT-5523,MCH-STABILIZER-01,SKU-SB-CANTER-01,1,2026-07-22 08:00:00,431,66.29,2.9
OUT-5524,MCH-STABILIZER-01,SKU-SB-CANTER-01,2,2026-07-22 16:00:00,429,62.25,6.3
OUT-5525,MCH-STABILIZER-01,SKU-SB-CANTER-01,3,2026-07-23 00:00:00,437,65.17,5.1
OUT-5526,MCH-TESTING-01,SKU-LS-HINO-01,1,2026-07-22 08:00:00,577,49.04,7.9
OUT-5527,MCH-TESTING-01,SKU-LS-HINO-01,2,2026-07-22 16:00:00,636,44.39,9.1
OUT-5528,MCH-TESTING-01,SKU-LS-HINO-01,3,2026-07-23 00:00:00,632,43.23,24.4
OUT-5529,MCH-COILING-01,SKU-CS-TOYOTA-01,1,2026-07-23 08:00:00,953,29.5,11.4
OUT-5530,MCH-COILING-01,SKU-CS-TOYOTA-01,2,2026-07-23 16:00:00,867,31.38,2.2
OUT-5531,MCH-COILING-01,SKU-CS-TOYOTA-01,3,2026-07-24 00:00:00,843,32.87,18.0
OUT-5532,MCH-COILING-02,SKU-CS-HONDA-02,1,2026-07-23 08:00:00,962,29.63,4.8
OUT-5533,MCH-COILING-02,SKU-CS-HONDA-02,2,2026-07-23 16:00:00,983,29.08,3.3
OUT-5534,MCH-COILING-02,SKU-CS-HONDA-02,3,2026-07-24 00:00:00,959,28.47,24.8
OUT-5535,MCH-HEATTREAT-01,SKU-LS-HINO-01,1,2026-07-23 08:00:00,558,46.52,3.7
OUT-5536,MCH-HEATTREAT-01,SKU-LS-HINO-01,2,2026-07-23 16:00:00,609,46.18,10.7
OUT-5537,MCH-HEATTREAT-01,SKU-LS-HINO-01,3,2026-07-24 00:00:00,636,43.84,15.1
OUT-5538,MCH-TEMPERING-01,SKU-LS-HINO-01,1,2026-07-23 08:00:00,656,43.54,3.7
OUT-5539,MCH-TEMPERING-01,SKU-LS-HINO-01,2,2026-07-23 16:00:00,607,46.76,6.3
OUT-5540,MCH-TEMPERING-01,SKU-LS-HINO-01,3,2026-07-24 00:00:00,536,49.83,8.9
OUT-5541,MCH-SHOTPEEN-01,SKU-LS-HINO-01,1,2026-07-23 08:00:00,582,48.63,7.8
OUT-5542,MCH-SHOTPEEN-01,SKU-LS-HINO-01,2,2026-07-23 16:00:00,582,48.6,8.0
OUT-5543,MCH-SHOTPEEN-01,SKU-LS-HINO-01,3,2026-07-24 00:00:00,558,49.11,23.1
OUT-5544,MCH-PRESS-01,SKU-LS-HINO-01,1,2026-07-23 08:00:00,627,44.77,12.0
OUT-5545,MCH-PRESS-01,SKU-LS-HINO-01,2,2026-07-23 16:00:00,640,43.96,10.9
OUT-5546,MCH-PRESS-01,SKU-LS-HINO-01,3,2026-07-24 00:00:00,598,47.22,8.7
OUT-5547,MCH-STABILIZER-01,SKU-SB-AVANZA-02,1,2026-07-23 08:00:00,666,42.9,3.1
OUT-5548,MCH-STABILIZER-01,SKU-SB-AVANZA-02,2,2026-07-23 16:00:00,677,39.03,5.6
OUT-5549,MCH-STABILIZER-01,SKU-SB-AVANZA-02,3,2026-07-24 00:00:00,706,39.79,11.3
OUT-5550,MCH-TESTING-01,SKU-LS-ISUZU-02,1,2026-07-23 08:00:00,484,58.27,9.8
OUT-5551,MCH-TESTING-01,SKU-LS-ISUZU-02,2,2026-07-23 16:00:00,490,57.54,9.9
OUT-5552,MCH-TESTING-01,SKU-LS-ISUZU-02,3,2026-07-24 00:00:00,474,58.13,20.0
OUT-5553,MCH-COILING-01,SKU-CS-HONDA-02,1,2026-07-24 08:00:00,1021,27.53,11.2
OUT-5554,MCH-COILING-01,SKU-CS-HONDA-02,2,2026-07-24 16:00:00,999,28.59,3.7
OUT-5555,MCH-COILING-01,SKU-CS-HONDA-02,3,2026-07-25 00:00:00,887,31.16,18.9
OUT-5556,MCH-COILING-02,SKU-CS-HONDA-02,1,2026-07-24 08:00:00,958,29.36,11.1
OUT-5557,MCH-COILING-02,SKU-CS-HONDA-02,2,2026-07-24 16:00:00,937,30.44,4.4
OUT-5558,MCH-COILING-02,SKU-CS-HONDA-02,3,2026-07-25 00:00:00,975,26.95,13.3
OUT-5559,MCH-HEATTREAT-01,SKU-LS-ISUZU-02,1,2026-07-24 08:00:00,480,59.38,4.7
OUT-5560,MCH-HEATTREAT-01,SKU-LS-ISUZU-02,2,2026-07-24 16:00:00,423,56.4,11.8
OUT-5561,MCH-HEATTREAT-01,SKU-LS-ISUZU-02,3,2026-07-25 00:00:00,463,61.43,5.9
OUT-5562,MCH-TEMPERING-01,SKU-LS-HINO-01,1,2026-07-24 08:00:00,608,46.47,8.7
OUT-5563,MCH-TEMPERING-01,SKU-LS-HINO-01,2,2026-07-24 16:00:00,615,46.2,5.9
OUT-5564,MCH-TEMPERING-01,SKU-LS-HINO-01,3,2026-07-25 00:00:00,615,45.28,15.2
OUT-5565,MCH-SHOTPEEN-01,SKU-LS-HINO-01,1,2026-07-24 08:00:00,597,47.25,9.8
OUT-5566,MCH-SHOTPEEN-01,SKU-LS-HINO-01,2,2026-07-24 16:00:00,582,45.2,8.8
OUT-5567,MCH-SHOTPEEN-01,SKU-LS-HINO-01,3,2026-07-25 00:00:00,643,43.92,9.1
OUT-5568,MCH-PRESS-01,SKU-LS-HINO-01,1,2026-07-24 08:00:00,606,46.63,8.6
OUT-5569,MCH-PRESS-01,SKU-LS-HINO-01,2,2026-07-24 16:00:00,651,43.46,7.8
OUT-5570,MCH-PRESS-01,SKU-LS-HINO-01,3,2026-07-25 00:00:00,616,44.71,20.9
OUT-5571,MCH-STABILIZER-01,SKU-SB-AVANZA-02,1,2026-07-24 08:00:00,679,38.42,3.4
OUT-5572,MCH-STABILIZER-01,SKU-SB-AVANZA-02,2,2026-07-24 16:00:00,530,44.76,6.7
OUT-5573,MCH-STABILIZER-01,SKU-SB-AVANZA-02,3,2026-07-25 00:00:00,659,40.24,9.6
OUT-5574,MCH-TESTING-01,SKU-LS-HINO-01,1,2026-07-24 08:00:00,605,46.68,8.9
OUT-5575,MCH-TESTING-01,SKU-LS-HINO-01,2,2026-07-24 16:00:00,632,45.03,5.4
OUT-5576,MCH-TESTING-01,SKU-LS-HINO-01,3,2026-07-25 00:00:00,615,45.57,12.9
OUT-5577,MCH-COILING-01,SKU-CS-TOYOTA-01,1,2026-07-25 08:00:00,937,30.43,4.3
OUT-5578,MCH-COILING-01,SKU-CS-TOYOTA-01,2,2026-07-25 16:00:00,857,30.21,3.8
OUT-5579,MCH-COILING-01,SKU-CS-TOYOTA-01,3,2026-07-26 00:00:00,890,29.06,14.2
OUT-5580,MCH-COILING-02,SKU-CS-HONDA-02,1,2026-07-25 08:00:00,935,30.56,3.3
OUT-5581,MCH-COILING-02,SKU-CS-HONDA-02,2,2026-07-25 16:00:00,999,28.48,5.7
OUT-5582,MCH-COILING-02,SKU-CS-HONDA-02,3,2026-07-26 00:00:00,898,31.35,10.3
OUT-5583,MCH-HEATTREAT-01,SKU-LS-ISUZU-02,1,2026-07-25 08:00:00,483,53.96,10.6
OUT-5584,MCH-HEATTREAT-01,SKU-LS-ISUZU-02,2,2026-07-25 16:00:00,534,53.6,2.8
OUT-5585,MCH-HEATTREAT-01,SKU-LS-ISUZU-02,3,2026-07-26 00:00:00,466,59.22,19.9
OUT-5586,MCH-TEMPERING-01,SKU-LS-ISUZU-02,1,2026-07-25 08:00:00,506,55.56,10.6
OUT-5587,MCH-TEMPERING-01,SKU-LS-ISUZU-02,2,2026-07-25 16:00:00,466,61.24,4.3
OUT-5588,MCH-TEMPERING-01,SKU-LS-ISUZU-02,3,2026-07-26 00:00:00,477,59.7,5.3
OUT-5589,MCH-SHOTPEEN-01,SKU-LS-ISUZU-02,1,2026-07-25 08:00:00,472,60.49,3.3
OUT-5590,MCH-SHOTPEEN-01,SKU-LS-ISUZU-02,2,2026-07-25 16:00:00,492,58.14,2.5
OUT-5591,MCH-SHOTPEEN-01,SKU-LS-ISUZU-02,3,2026-07-26 00:00:00,462,60.52,13.9
OUT-5592,MCH-PRESS-01,SKU-LS-HINO-01,1,2026-07-25 08:00:00,594,47.47,9.5
OUT-5593,MCH-PRESS-01,SKU-LS-HINO-01,2,2026-07-25 16:00:00,647,43.89,6.2
OUT-5594,MCH-PRESS-01,SKU-LS-HINO-01,3,2026-07-26 00:00:00,595,46.81,15.3
OUT-5595,MCH-STABILIZER-01,SKU-SB-AVANZA-02,1,2026-07-25 08:00:00,711,39.96,5.9
OUT-5596,MCH-STABILIZER-01,SKU-SB-AVANZA-02,2,2026-07-25 16:00:00,681,41.78,5.5
OUT-5597,MCH-STABILIZER-01,SKU-SB-AVANZA-02,3,2026-07-26 00:00:00,643,40.96,11.7
OUT-5598,MCH-TESTING-01,SKU-LS-ISUZU-02,1,2026-07-25 08:00:00,468,61.15,2.1
OUT-5599,MCH-TESTING-01,SKU-LS-ISUZU-02,2,2026-07-25 16:00:00,522,53.79,11.8
OUT-5600,MCH-TESTING-01,SKU-LS-ISUZU-02,3,2026-07-26 00:00:00,517,54.65,8.9
OUT-5601,MCH-COILING-01,SKU-CS-TOYOTA-01,1,2026-07-26 08:00:00,970,29.31,5.9
OUT-5602,MCH-COILING-01,SKU-CS-TOYOTA-01,2,2026-07-26 16:00:00,860,32.93,7.8
OUT-5603,MCH-COILING-01,SKU-CS-TOYOTA-01,3,2026-07-27 00:00:00,832,32.91,23.2
OUT-5604,MCH-COILING-02,SKU-CS-HONDA-02,1,2026-07-26 08:00:00,606,30.36,9.7
OUT-5605,MCH-COILING-02,SKU-CS-HONDA-02,2,2026-07-26 16:00:00,948,30.07,4.4
OUT-5606,MCH-COILING-02,SKU-CS-HONDA-02,3,2026-07-27 00:00:00,991,28.15,14.9
OUT-5607,MCH-HEATTREAT-01,SKU-LS-ISUZU-02,1,2026-07-26 08:00:00,476,59.84,4.5
OUT-5608,MCH-HEATTREAT-01,SKU-LS-ISUZU-02,2,2026-07-26 16:00:00,474,59.35,10.3
OUT-5609,MCH-HEATTREAT-01,SKU-LS-ISUZU-02,3,2026-07-27 00:00:00,458,60.11,20.4
OUT-5610,MCH-TEMPERING-01,SKU-LS-HINO-01,1,2026-07-26 08:00:00,602,47.37,4.5
OUT-5611,MCH-TEMPERING-01,SKU-LS-HINO-01,2,2026-07-26 16:00:00,588,47.79,11.5
OUT-5612,MCH-TEMPERING-01,SKU-LS-HINO-01,3,2026-07-27 00:00:00,584,47.32,19.1
OUT-5613,MCH-SHOTPEEN-01,SKU-LS-ISUZU-02,1,2026-07-26 08:00:00,485,58.66,5.3
OUT-5614,MCH-SHOTPEEN-01,SKU-LS-ISUZU-02,2,2026-07-26 16:00:00,514,55.5,4.2
OUT-5615,MCH-SHOTPEEN-01,SKU-LS-ISUZU-02,3,2026-07-27 00:00:00,450,56.9,21.8
OUT-5616,MCH-PRESS-01,SKU-LS-ISUZU-02,1,2026-07-26 08:00:00,500,57.27,2.0
OUT-5617,MCH-PRESS-01,SKU-LS-ISUZU-02,2,2026-07-26 16:00:00,493,57.21,9.2
OUT-5618,MCH-PRESS-01,SKU-LS-ISUZU-02,3,2026-07-27 00:00:00,498,55.79,16.8
OUT-5619,MCH-STABILIZER-01,SKU-SB-CANTER-01,1,2026-07-26 08:00:00,438,64.16,11.3
OUT-5620,MCH-STABILIZER-01,SKU-SB-CANTER-01,2,2026-07-26 16:00:00,432,65.37,9.1
OUT-5621,MCH-STABILIZER-01,SKU-SB-CANTER-01,3,2026-07-27 00:00:00,385,64.42,16.7
OUT-5622,MCH-TESTING-01,SKU-LS-ISUZU-02,1,2026-07-26 08:00:00,452,56.94,6.1
OUT-5623,MCH-TESTING-01,SKU-LS-ISUZU-02,2,2026-07-26 16:00:00,467,61.01,4.7
OUT-5624,MCH-TESTING-01,SKU-LS-ISUZU-02,3,2026-07-27 00:00:00,523,54.21,7.2
OUT-5625,MCH-COILING-01,SKU-CS-TOYOTA-01,1,2026-07-27 08:00:00,962,29.24,11.0
OUT-5626,MCH-COILING-01,SKU-CS-TOYOTA-01,2,2026-07-27 16:00:00,959,29.34,10.7
OUT-5627,MCH-COILING-01,SKU-CS-TOYOTA-01,3,2026-07-28 00:00:00,863,32.64,10.4
OUT-5628,MCH-COILING-02,SKU-CS-TOYOTA-01,1,2026-07-27 08:00:00,926,30.46,9.7
OUT-5629,MCH-COILING-02,SKU-CS-TOYOTA-01,2,2026-07-27 16:00:00,887,32.2,3.5
OUT-5630,MCH-COILING-02,SKU-CS-TOYOTA-01,3,2026-07-28 00:00:00,925,29.8,20.1
OUT-5631,MCH-HEATTREAT-01,SKU-LS-HINO-01,1,2026-07-27 08:00:00,644,43.6,11.8
OUT-5632,MCH-HEATTREAT-01,SKU-LS-HINO-01,2,2026-07-27 16:00:00,577,48.67,11.5
OUT-5633,MCH-HEATTREAT-01,SKU-LS-HINO-01,3,2026-07-28 00:00:00,467,43.41,14.2
OUT-5634,MCH-TEMPERING-01,SKU-LS-HINO-01,1,2026-07-27 08:00:00,644,43.67,10.7
OUT-5635,MCH-TEMPERING-01,SKU-LS-HINO-01,2,2026-07-27 16:00:00,637,44.75,4.2
OUT-5636,MCH-TEMPERING-01,SKU-LS-HINO-01,3,2026-07-28 00:00:00,608,45.31,20.6
OUT-5637,MCH-SHOTPEEN-01,SKU-LS-HINO-01,1,2026-07-27 08:00:00,587,48.47,5.4
OUT-5638,MCH-SHOTPEEN-01,SKU-LS-HINO-01,2,2026-07-27 16:00:00,571,49.24,11.1
OUT-5639,MCH-SHOTPEEN-01,SKU-LS-HINO-01,3,2026-07-28 00:00:00,620,44.01,25.0
OUT-5640,MCH-PRESS-01,SKU-LS-ISUZU-02,1,2026-07-27 08:00:00,490,57.37,11.2
OUT-5641,MCH-PRESS-01,SKU-LS-ISUZU-02,2,2026-07-27 16:00:00,519,54.61,7.6
OUT-5642,MCH-PRESS-01,SKU-LS-ISUZU-02,3,2026-07-28 00:00:00,461,61.19,8.9
OUT-5643,MCH-STABILIZER-01,SKU-SB-AVANZA-02,1,2026-07-27 08:00:00,653,43.52,6.2
OUT-5644,MCH-STABILIZER-01,SKU-SB-AVANZA-02,2,2026-07-27 16:00:00,688,39.08,6.0
OUT-5645,MCH-STABILIZER-01,SKU-SB-AVANZA-02,3,2026-07-28 00:00:00,710,40.06,5.7
OUT-5646,MCH-TESTING-01,SKU-LS-HINO-01,1,2026-07-27 08:00:00,614,45.86,10.0
OUT-5647,MCH-TESTING-01,SKU-LS-HINO-01,2,2026-07-27 16:00:00,569,49.62,9.0
OUT-5648,MCH-TESTING-01,SKU-LS-HINO-01,3,2026-07-28 00:00:00,576,45.9,9.0
OUT-5649,MCH-COILING-01,SKU-CS-TOYOTA-01,1,2026-07-28 08:00:00,915,30.98,7.3
OUT-5650,MCH-COILING-01,SKU-CS-TOYOTA-01,2,2026-07-28 16:00:00,859,33.3,3.0
OUT-5651,MCH-COILING-01,SKU-CS-TOYOTA-01,3,2026-07-29 00:00:00,924,30.21,14.4
OUT-5652,MCH-COILING-02,SKU-CS-TOYOTA-01,1,2026-07-28 08:00:00,960,29.42,8.9
OUT-5653,MCH-COILING-02,SKU-CS-TOYOTA-01,2,2026-07-28 16:00:00,861,30.72,9.2
OUT-5654,MCH-COILING-02,SKU-CS-TOYOTA-01,3,2026-07-29 00:00:00,926,30.1,15.4
OUT-5655,MCH-HEATTREAT-01,SKU-LS-ISUZU-02,1,2026-07-28 08:00:00,440,60.03,9.5
OUT-5656,MCH-HEATTREAT-01,SKU-LS-ISUZU-02,2,2026-07-28 16:00:00,453,59.11,4.1
OUT-5657,MCH-HEATTREAT-01,SKU-LS-ISUZU-02,3,2026-07-29 00:00:00,503,55.81,11.8
OUT-5658,MCH-TEMPERING-01,SKU-LS-ISUZU-02,1,2026-07-28 08:00:00,487,58.08,8.2
OUT-5659,MCH-TEMPERING-01,SKU-LS-ISUZU-02,2,2026-07-28 16:00:00,504,55.79,10.5
OUT-5660,MCH-TEMPERING-01,SKU-LS-ISUZU-02,3,2026-07-29 00:00:00,506,54.46,20.4
OUT-5661,MCH-SHOTPEEN-01,SKU-LS-HINO-01,1,2026-07-28 08:00:00,643,44.28,4.9
OUT-5662,MCH-SHOTPEEN-01,SKU-LS-HINO-01,2,2026-07-28 16:00:00,603,45.06,4.7
OUT-5663,MCH-SHOTPEEN-01,SKU-LS-HINO-01,3,2026-07-29 00:00:00,565,48.95,19.0
OUT-5664,MCH-PRESS-01,SKU-LS-ISUZU-02,1,2026-07-28 08:00:00,466,60.35,11.1
OUT-5665,MCH-PRESS-01,SKU-LS-ISUZU-02,2,2026-07-28 16:00:00,481,58.86,7.4
OUT-5666,MCH-PRESS-01,SKU-LS-ISUZU-02,3,2026-07-29 00:00:00,487,57.47,13.5
OUT-5667,MCH-STABILIZER-01,SKU-SB-CANTER-01,1,2026-07-28 08:00:00,447,63.04,10.0
OUT-5668,MCH-STABILIZER-01,SKU-SB-CANTER-01,2,2026-07-28 16:00:00,435,64.85,9.7
OUT-5669,MCH-STABILIZER-01,SKU-SB-CANTER-01,3,2026-07-29 00:00:00,420,65.05,24.4
OUT-5670,MCH-TESTING-01,SKU-LS-HINO-01,1,2026-07-28 08:00:00,603,47.04,7.2
OUT-5671,MCH-TESTING-01,SKU-LS-HINO-01,2,2026-07-28 16:00:00,629,45.44,3.5
OUT-5672,MCH-TESTING-01,SKU-LS-HINO-01,3,2026-07-29 00:00:00,571,49.67,7.3
OUT-5673,MCH-COILING-01,SKU-CS-HONDA-02,1,2026-07-29 08:00:00,831,30.29,9.6
OUT-5674,MCH-COILING-01,SKU-CS-HONDA-02,2,2026-07-29 16:00:00,995,28.35,9.8
OUT-5675,MCH-COILING-01,SKU-CS-HONDA-02,3,2026-07-30 00:00:00,957,29.42,10.5
OUT-5676,MCH-COILING-02,SKU-CS-HONDA-02,1,2026-07-29 08:00:00,1012,27.85,10.2
OUT-5677,MCH-COILING-02,SKU-CS-HONDA-02,2,2026-07-29 16:00:00,994,28.36,10.1
OUT-5678,MCH-COILING-02,SKU-CS-HONDA-02,3,2026-07-30 00:00:00,905,31.1,10.6
OUT-5679,MCH-HEATTREAT-01,SKU-LS-HINO-01,1,2026-07-29 08:00:00,569,50.08,4.7
OUT-5680,MCH-HEATTREAT-01,SKU-LS-HINO-01,2,2026-07-29 16:00:00,541,47.35,10.4
OUT-5681,MCH-HEATTREAT-01,SKU-LS-HINO-01,3,2026-07-30 00:00:00,571,47.85,24.5
OUT-5682,MCH-TEMPERING-01,SKU-LS-HINO-01,1,2026-07-29 08:00:00,537,46.91,2.6
OUT-5683,MCH-TEMPERING-01,SKU-LS-HINO-01,2,2026-07-29 16:00:00,560,50.14,11.9
OUT-5684,MCH-TEMPERING-01,SKU-LS-HINO-01,3,2026-07-30 00:00:00,611,45.97,11.6
OUT-5685,MCH-SHOTPEEN-01,SKU-LS-ISUZU-02,1,2026-07-29 08:00:00,475,59.85,5.7
OUT-5686,MCH-SHOTPEEN-01,SKU-LS-ISUZU-02,2,2026-07-29 16:00:00,451,58.41,11.2
OUT-5687,MCH-SHOTPEEN-01,SKU-LS-ISUZU-02,3,2026-07-30 00:00:00,507,54.69,17.0
OUT-5688,MCH-PRESS-01,SKU-LS-HINO-01,1,2026-07-29 08:00:00,520,48.96,10.8
OUT-5689,MCH-PRESS-01,SKU-LS-HINO-01,2,2026-07-29 16:00:00,594,48.13,2.9
OUT-5690,MCH-PRESS-01,SKU-LS-HINO-01,3,2026-07-30 00:00:00,629,45.0,7.7
OUT-5691,MCH-STABILIZER-01,SKU-SB-AVANZA-02,1,2026-07-29 08:00:00,670,42.42,6.1
OUT-5692,MCH-STABILIZER-01,SKU-SB-AVANZA-02,2,2026-07-29 16:00:00,632,44.73,8.3
OUT-5693,MCH-STABILIZER-01,SKU-SB-AVANZA-02,3,2026-07-30 00:00:00,668,41.03,23.0
OUT-5694,MCH-TESTING-01,SKU-LS-HINO-01,1,2026-07-29 08:00:00,506,44.11,5.6
OUT-5695,MCH-TESTING-01,SKU-LS-HINO-01,2,2026-07-29 16:00:00,587,47.91,11.0
OUT-5696,MCH-TESTING-01,SKU-LS-HINO-01,3,2026-07-30 00:00:00,609,45.6,17.0
OUT-5697,MCH-COILING-01,SKU-CS-HONDA-02,1,2026-07-30 08:00:00,996,28.72,3.0
OUT-5698,MCH-COILING-01,SKU-CS-HONDA-02,2,2026-07-30 16:00:00,964,29.7,2.7
OUT-5699,MCH-COILING-01,SKU-CS-HONDA-02,3,2026-07-31 00:00:00,989,28.24,14.1
OUT-5700,MCH-COILING-02,SKU-CS-TOYOTA-01,1,2026-07-30 08:00:00,877,32.42,5.6
OUT-5701,MCH-COILING-02,SKU-CS-TOYOTA-01,2,2026-07-30 16:00:00,966,29.17,9.9
OUT-5702,MCH-COILING-02,SKU-CS-TOYOTA-01,3,2026-07-31 00:00:00,863,32.23,16.1
OUT-5703,MCH-HEATTREAT-01,SKU-LS-ISUZU-02,1,2026-07-30 08:00:00,500,57.2,2.6
OUT-5704,MCH-HEATTREAT-01,SKU-LS-ISUZU-02,2,2026-07-30 16:00:00,513,54.76,11.7
OUT-5705,MCH-HEATTREAT-01,SKU-LS-ISUZU-02,3,2026-07-31 00:00:00,479,55.03,7.3
OUT-5706,MCH-TEMPERING-01,SKU-LS-ISUZU-02,1,2026-07-30 08:00:00,482,59.28,2.8
OUT-5707,MCH-TEMPERING-01,SKU-LS-ISUZU-02,2,2026-07-30 16:00:00,429,61.38,7.0
OUT-5708,MCH-TEMPERING-01,SKU-LS-ISUZU-02,3,2026-07-31 00:00:00,487,58.31,5.8
OUT-5709,MCH-SHOTPEEN-01,SKU-LS-ISUZU-02,1,2026-07-30 08:00:00,465,61.46,3.1
OUT-5710,MCH-SHOTPEEN-01,SKU-LS-ISUZU-02,2,2026-07-30 16:00:00,390,53.07,5.2
OUT-5711,MCH-SHOTPEEN-01,SKU-LS-ISUZU-02,3,2026-07-31 00:00:00,517,54.03,14.1
OUT-5712,MCH-PRESS-01,SKU-LS-ISUZU-02,1,2026-07-30 08:00:00,535,53.29,4.8
OUT-5713,MCH-PRESS-01,SKU-LS-ISUZU-02,2,2026-07-30 16:00:00,480,58.73,9.6
OUT-5714,MCH-PRESS-01,SKU-LS-ISUZU-02,3,2026-07-31 00:00:00,477,57.34,23.8
OUT-5715,MCH-STABILIZER-01,SKU-SB-CANTER-01,1,2026-07-30 08:00:00,479,58.62,11.7
OUT-5716,MCH-STABILIZER-01,SKU-SB-CANTER-01,2,2026-07-30 16:00:00,475,60.26,2.1
OUT-5717,MCH-STABILIZER-01,SKU-SB-CANTER-01,3,2026-07-31 00:00:00,379,66.65,10.6
OUT-5718,MCH-TESTING-01,SKU-LS-ISUZU-02,1,2026-07-30 08:00:00,472,56.61,3.5
OUT-5719,MCH-TESTING-01,SKU-LS-ISUZU-02,2,2026-07-30 16:00:00,527,53.32,11.6
OUT-5720,MCH-TESTING-01,SKU-LS-ISUZU-02,3,2026-07-31 00:00:00,448,56.9,15.0
